index,Date,Location,Confirmed Cases (Cumulative),Confirmed Cases: Daily Change,Active Cases (As of Date),Recovered Cases (Cumulative),In Hospital (As of Date),In Hospital: Daily Change,In Intensive Care (As of Date),In Intensive Care: Daily Change,Deaths (Cumulative),Deaths: Daily Change,Test Count: Edmonton,Test Count: Alberta,Test Percentage,Test Positivity Rate,Hospitalization Rate,Rate of Cases: Edmonton
0,2020/03/06,Edmonton Zone,0,,,,,,,,,,16,61,26,0,,
1,2020/03/09,Edmonton Zone,3,3,,,,,,,,,322,648,50,2.48,,
2,2020/03/10,Edmonton Zone,6,3,,,,,,,,,316,784,40,1.27,,
3,2020/03/11,Edmonton Zone,7,1,,,,,,,,,444,1334,33,0.45,,
4,2020/03/12,Edmonton Zone,7,0,,,,,,,,,399,1148,35,0.25,0.2,
5,2020/03/13,Edmonton Zone,8,1,,,,,,,,,452,1587,28,0.22,0.3,
6,2020/03/14,Edmonton Zone,14,6,,,,,,,,,567,1555,36,2.65,0.3,
7,2020/03/15,Edmonton Zone,15,1,,,,,,,,,570,1833,31,0.35,0.3,
8,2020/03/16,Edmonton Zone,22,7,,,,,,,,,591,1485,40,0.68,0.3,
9,2020/03/17,Edmonton Zone,30,8,,,,,,,,,776,2083,37,1.42,0.3,
10,2020/03/18,Edmonton Zone,34,4,,,,,,,,,841,2878,29,0.71,0.4,
11,2020/03/19,Edmonton Zone,43,9,,,,,,,,,746,2869,26,1.47,0.4,
12,2020/03/20,Edmonton Zone,54,11,,,,,,,,,1047,3594,29,0,0.2,
13,2020/03/21,Edmonton Zone,57,3,,,,,,,,,873,3507,25,0.34,0.2,
14,2020/03/22,Edmonton Zone,61,4,,,,,,,,,968,2854,34,0.41,0.2,
15,2020/03/23,Edmonton Zone,72,11,,,,,,,,,850,2728,31,1.18,0.2,
16,2020/03/24,Edmonton Zone,86,14,,,,,,,,,1036,3143,33,1.54,0.3,
17,2020/03/25,Edmonton Zone,98,12,,,,,,,,,403,1646,24,2.73,0.3,
18,2020/03/26,Edmonton Zone,103,5,,,,,,,,,376,1316,29,0.8,0.5,
19,2020/03/27,Edmonton Zone,126,23,,,,,,,,,1455,3697,39,1.37,0.6,
20,2020/03/28,Edmonton Zone,140,14,,,,,,,,,1047,2145,49,1.15,0.7,
21,2020/03/29,Edmonton Zone,149,9,,,,,,,,,855,1929,44,1.05,0.9,
22,2020/03/30,Edmonton Zone,166,17,,,,,,,,,1426,2549,56,1.05,1,
23,2020/03/31,Edmonton Zone,204,38,,,,,,,,,1625,4771,34,3.08,1.2,
24,2020/04/01,Edmonton Zone,250,46,,,,,,,,,1485,3610,41,2.76,1.1,
25,2020/04/02,Edmonton Zone,270,20,,,,,,,,,1085,4009,27,2.49,1.1,
26,2020/04/03,Edmonton Zone,282,12,,,,,,,,,396,1723,23,2.53,1,
27,2020/04/04,Edmonton Zone,295,13,,,,,,,,,553,1807,31,1.81,1,
28,2020/04/05,Edmonton Zone,316,21,270,77,,,,,4,,505,1187,43,4.55,0.8,
29,2020/04/06,Edmonton Zone,326,10,256,98,,,,,4,0,337,941,36,1.48,0.7,
30,2020/04/07,Edmonton Zone,337,11,243,121,,,,,4,0,486,1705,29,1.65,0.7,
31,2020/04/08,Edmonton Zone,347,10,232,139,,,,,5,1,461,1288,36,2.17,0.9,
32,2020/04/09,Edmonton Zone,356,9,235,144,,,,,7,2,630,2291,27,1.11,0.9,
33,2020/04/10,Edmonton Zone,358,2,192,189,,,,,7,0,945,2851,33,0.95,1,
34,2020/04/11,Edmonton Zone,366,8,183,205,,,,,7,0,889,2240,40,1.12,0.9,
35,2020/04/12,Edmonton Zone,370,4,168,224,,,,,7,0,454,2305,20,1.1,1.1,
36,2020/04/13,Edmonton Zone,372,2,158,236,,,,,8,1,532,2136,25,0.75,1,
37,2020/04/14,Edmonton Zone,377,5,,,,,,,8,0,506,2573,20,0.59,0.7,
38,2020/04/15,Edmonton Zone,387,10,,,,,,,8,0,877,3095,28,1.14,0.8,
39,2020/04/16,Edmonton Zone,394,7,138,283,,,,,8,0,763,2967,26,0.66,0.8,
40,2020/04/17,Edmonton Zone,399,5,128,297,,,,,8,0,1876,5341,35,0.43,0.7,
41,2020/04/18,Edmonton Zone,402,3,114,307,,,,,8,0,1237,3801,33,0.32,0.8,
42,2020/04/19,Edmonton Zone,408,6,113,316,,,,,9,1,1438,4371,33,0.42,0.7,
43,2020/04/20,Edmonton Zone,420,12,109,328,,,,,9,0,1163,4016,29,0.86,0.7,
44,2020/04/21,Edmonton Zone,425,5,105,337,,,,,9,0,1106,4314,26,0.54,0.9,
45,2020/04/22,Edmonton Zone,429,4,106,339,,,,,9,0,705,4058,17,0.71,0.6,
46,2020/04/23,Edmonton Zone,437,8,113,343,,,,,10,1,1014,4473,23,1.08,0.4,
47,2020/04/24,Edmonton Zone,449,12,116,349,,,,,10,0,1110,4531,24,1.35,0.4,
48,2020/04/25,Edmonton Zone,457,8,117,352,,,,,10,0,1145,4663,25,0.96,0.3,
49,2020/04/26,Edmonton Zone,461,4,118,356,,,,,10,0,1417,4303,33,0.49,0.2,
50,2020/04/27,Edmonton Zone,463,2,112,363,,,,,11,1,843,3445,24,0.59,0.2,
51,2020/04/28,Edmonton Zone,466,3,112,366,,,,,11,0,698,4363,16,1.15,0,
52,2020/04/29,Edmonton Zone,469,3,109,369,,,,,12,1,786,5077,15,1.02,0.1,
53,2020/04/30,Edmonton Zone,474,5,114,372,,,,,12,0,772,5035,15,1.17,0.1,
54,2020/05/01,Edmonton Zone,475,1,108,381,,,,,12,0,710,2846,25,0.42,0.1,
55,2020/05/02,Edmonton Zone,476,1,99,393,,,,,12,0,1295,4971,26,0.23,0.2,
56,2020/05/03,Edmonton Zone,478,2,96,395,,,,,12,0,945,3242,29,0.32,0.2,
57,2020/05/04,Edmonton Zone,479,1,91,399,,,,,12,0,685,2557,27,0.44,0.3,
58,2020/05/05,Edmonton Zone,482,3,82,409,,,,,12,0,679,3033,22,0.88,0.3,
59,2020/05/06,Edmonton Zone,482,0,75,418,,,,,12,0,514,2883,18,0,0.2,
60,2020/05/07,Edmonton Zone,484,2,71,425,12,,,,12,0,952,4136,23,0.32,0.2,
61,2020/05/08,Edmonton Zone,484,0,69,428,10,-2,,,12,0,984,3781,26,0,0.2,
62,2020/05/09,Edmonton Zone,486,2,65,432,9,-1,,,12,0,1167,4214,28,0.6,0.1,
63,2020/05/10,Edmonton Zone,490,4,62,437,9,0,,,12,0,1052,3259,32,0.76,0.1,
64,2020/05/11,Edmonton Zone,490,0,60,436,9,0,,,12,0,796,2794,28,0.13,0,
65,2020/05/12,Edmonton Zone,492,2,61,439,8,-1,,,12,0,1025,3756,27,0.49,0,
66,2020/05/13,Edmonton Zone,494,2,63,441,7,-1,2,,12,0,1081,4409,25,0.46,0,
67,2020/05/14,Edmonton Zone,494,0,61,444,9,2,2,0,12,0,1264,4769,27,0.55,0,
68,2020/05/15,Edmonton Zone,495,1,60,446,8,-1,2,0,12,0,838,4701,18,0.84,0,
69,2020/05/16,Edmonton Zone,496,1,60,446,8,0,3,1,12,0,722,3986,18,0.14,0,
70,2020/05/17,Edmonton Zone,496,0,58,448,9,1,3,0,12,0,972,3189,30,0.41,0.1,
71,2020/05/18,Edmonton Zone,496,0,58,448,9,0,2,-1,12,0,983,3229,30,0.2,0.1,
72,2020/05/19,Edmonton Zone,497,1,59,450,5,-4,2,0,12,0,573,2503,23,0.35,0.1,
73,2020/05/20,Edmonton Zone,499,2,61,451,7,2,1,-1,12,0,684,3277,21,0.73,0.1,
74,2020/05/21,Edmonton Zone,499,0,58,453,5,-2,1,0,13,1,684,3722,18,0.29,0.1,
75,2020/05/22,Edmonton Zone,499,0,55,455,5,0,1,0,13,0,651,3823,17,0,0.1,
76,2020/05/23,Edmonton Zone,500,1,55,455,5,0,1,0,13,0,805,3861,21,0.5,0.1,
77,2020/05/24,Edmonton Zone,501,1,52,459,5,0,1,0,13,0,927,3234,29,0.22,0,
78,2020/05/25,Edmonton Zone,501,0,49,462,5,0,1,0,13,0,847,2958,29,0,0,
79,2020/05/26,Edmonton Zone,503,2,52,462,4,-1,1,0,13,0,735,3056,24,0.68,0.1,
80,2020/05/27,Edmonton Zone,506,3,53,462,6,2,1,0,13,0,732,3607,20,0.55,0.1,
81,2020/05/28,Edmonton Zone,507,1,55,463,8,2,1,0,13,0,1017,3902,26,0.2,0.1,
82,2020/05/29,Edmonton Zone,517,10,67,464,9,1,1,0,13,0,1003,3863,26,2.19,0.2,
83,2020/05/30,Edmonton Zone,522,5,69,464,9,0,1,0,13,0,937,3366,28,0.64,0.2,
84,2020/05/31,Edmonton Zone,531,9,44,497,9,0,1,0,13,0,953,3132,30,1.36,0.2,
85,2020/06/01,Edmonton Zone,534,3,45,502,9,0,1,0,13,0,779,2746,28,0.39,0.2,
86,2020/06/02,Edmonton Zone,539,5,45,505,10,1,1,0,13,0,766,4060,19,1.04,0.1,
87,2020/06/03,Edmonton Zone,541,2,47,506,9,-1,1,0,13,0,1194,4781,25,0.42,0.1,
88,2020/06/04,Edmonton Zone,549,8,57,504,8,-1,1,0,13,0,1706,5416,31,0.64,0.1,
89,2020/06/05,Edmonton Zone,571,22,76,505,6,-2,1,0,13,0,1650,5604,29,1.58,0,
90,2020/06/06,Edmonton Zone,583,12,,,,,,,13,0,1398,5870,24,1.07,0,
91,2020/06/07,Edmonton Zone,600,17,106,494,6,,1,,13,0,1792,5491,33,0.95,0.1,
92,2020/06/08,Edmonton Zone,611,11,112,498,5,-1,1,0,13,0,1936,4976,39,0.62,0.1,
93,2020/06/09,Edmonton Zone,628,17,134,498,6,1,2,1,13,0,1815,5923,31,1.1,0.1,
94,2020/06/10,Edmonton Zone,651,23,140,509,7,1,2,0,13,0,2167,6850,32,1.29,0.4,
95,2020/06/11,Edmonton Zone,670,19,149,515,9,2,2,0,13,0,2909,8479,34,0.65,0.5,
96,2020/06/12,Edmonton Zone,683,13,160,515,10,1,2,0,13,0,1912,6183,31,0.73,0.8,
97,2020/06/13,Edmonton Zone,692,9,169,526,10,0,3,1,13,0,2749,7665,36,0.58,0.8,
98,2020/06/14,Edmonton Zone,711,19,175,526,8,-2,2,-1,13,0,2770,7459,37,0.83,0.8,
99,2020/06/15,Edmonton Zone,732,21,190,529,10,2,2,0,13,0,2825,6365,44,0.71,1.2,
100,2020/06/16,Edmonton Zone,746,14,201,533,12,2,2,0,13,0,2873,6969,41,0.63,1.4,
101,2020/06/17,Edmonton Zone,767,21,200,556,12,0,2,0,14,1,3115,7821,40,0.83,1.2,
102,2020/06/18,Edmonton Zone,793,26,211,569,12,0,2,0,14,0,4246,9100,47,0.68,1.2,
103,2020/06/19,Edmonton Zone,822,29,226,583,11,-1,2,0,14,0,3621,7401,49,1.05,0.9,
104,2020/06/20,Edmonton Zone,845,23,238,594,9,-2,3,1,14,0,3789,8326,46,0.9,0.9,
105,2020/06/21,Edmonton Zone,856,11,236,607,9,0,2,-1,14,0,2142,6894,31,0.47,1,
106,2020/06/22,Edmonton Zone,882,26,236,635,12,3,2,0,14,0,2805,6540,43,0.93,0.7,
107,2020/06/23,Edmonton Zone,909,27,250,650,13,1,2,0,14,0,2488,6514,38,1.13,0.7,
108,2020/06/24,Edmonton Zone,919,10,237,673,16,3,2,0,15,1,2480,6367,39,0.52,0.6,
109,2020/06/25,Edmonton Zone,941,22,241,688,13,-3,2,0,15,0,2847,6633,43,0.81,0.7,
110,2020/06/26,Edmonton Zone,957,16,228,715,14,1,2,0,15,0,1664,6391,26,1.14,0.8,
111,2020/06/27,Edmonton Zone,980,23,242,727,16,2,2,0,15,0,2884,6509,44,0.94,0.8,
112,2020/06/28,Edmonton Zone,1013,33,257,754,18,2,3,1,15,0,3141,6996,45,1.15,0.8,
113,2020/06/29,Edmonton Zone,1028,15,246,767,18,0,3,0,15,0,3113,7198,43,0.45,0.7,
114,2020/06/30,Edmonton Zone,1044,16,,,,,,,15,0,2706,6947,39,0.55,0.5,
115,2020/07/01,Edmonton Zone,1067,23,233,820,17,,3,,15,0,3109,7675,41,0.84,0.5,
116,2020/07/02,Edmonton Zone,1087,20,240,833,19,2,4,1,15,0,3657,6735,54,0.63,0.5,
117,2020/07/03,Edmonton Zone,1092,5,,,,,,,15,0,2051,5958,34,0.34,0.7,
118,2020/07/04,Edmonton Zone,1110,18,,,,,,,15,0,1849,5546,33,1.03,1.4,
119,2020/07/05,Edmonton Zone,1129,19,234,879,30,,3,,17,2,2463,5593,44,1.06,1.4,
120,2020/07/06,Edmonton Zone,1157,28,243,897,30,0,3,0,17,0,3130,6016,52,1.02,1.4,81.4
121,2020/07/07,Edmonton Zone,1175,18,232,926,29,-1,4,1,17,0,2589,6265,41,0.89,1.7,82.6
122,2020/07/08,Edmonton Zone,1179,4,215,944,27,-2,4,0,20,3,3098,6964,44,0.36,1.9,82.9
123,2020/07/09,Edmonton Zone,1202,23,203,980,30,3,6,2,19,-1,3633,7801,47,0.72,1.7,84.5
124,2020/07/10,Edmonton Zone,1216,14,,,,,,,,,3468,7528,46,0.58,1.6,
125,2020/07/11,Edmonton Zone,1240,24,,,,,,,,,3889,9995,39,0.62,1,
126,2020/07/12,Edmonton Zone,1252,12,199,1034,25,,4,,19,,2818,7591,37,0.67,0.8,88.1
127,2020/07/13,Edmonton Zone,1274,22,198,1055,27,2,4,0,21,2,2106,5801,36,1.09,1.2,89.6
128,2020/07/14,Edmonton Zone,1287,13,194,1072,30,3,3,-1,21,0,2469,6372,39,0.77,1,90.5
129,2020/07/15,Edmonton Zone,1311,24,217,1072,29,-1,2,-1,22,1,2967,8211,36,0.98,0.9,92.2
130,2020/07/16,Edmonton Zone,1334,23,213,1098,28,-1,4,2,23,1,2552,6472,39,1.06,0.9,93.8
131,2020/07/17,Edmonton Zone,1355,21,,,,,,,,,2595,9710,27,0.89,0.9,
132,2020/07/18,Edmonton Zone,1374,19,,,,,,,,,2240,6853,33,1.03,0.8,
133,2020/07/19,Edmonton Zone,1391,17,225,1141,29,,7,,25,,2600,6949,37,0.81,1,97.8
134,2020/07/20,Edmonton Zone,1415,24,233,1156,29,0,7,0,26,1,2949,7813,38,1.05,0.6,99.5
135,2020/07/21,Edmonton Zone,1440,25,236,1176,29,0,7,0,28,2,3247,8146,40,0.83,0.6,101.3
136,2020/07/22,Edmonton Zone,1451,11,232,1190,30,1,7,0,29,1,2313,8222,28,0.52,0.6,102.1
137,2020/07/23,Edmonton Zone,1473,22,232,1210,28,-2,7,0,31,2,3111,8735,36,0.93,0.6,103.6
138,2020/07/24,Edmonton Zone,1505,32,,,,,,,,,3446,10582,33,1.16,0.4,
139,2020/07/25,Edmonton Zone,1523,18,,,,,,,,,2850,9848,29,1.05,0.5,
140,2020/07/26,Edmonton Zone,1557,34,279,1241,26,,6,,37,,2477,7428,33,1.49,0.4,109.5
141,2020/07/27,Edmonton Zone,1575,18,276,1260,25,-1,6,0,39,2,2798,7900,35,0.75,0.4,110.8
142,2020/07/28,Edmonton Zone,1605,30,278,1285,25,0,6,0,42,3,3341,8975,37,1.08,0.3,112.9
143,2020/07/29,Edmonton Zone,1629,24,278,1304,26,1,6,0,47,5,2302,8670,27,1.22,0.3,114.6
144,2020/07/30,Edmonton Zone,1647,18,272,1328,26,0,6,0,47,0,2247,8384,27,0.93,0.4,115.8
145,2020/07/31,Edmonton Zone,1680,33,,,,,,,,,3684,11501,32,1.09,0.4,
146,2020/08/01,Edmonton Zone,1702,22,,,,,,,,,2847,9144,31,0.91,0.3,
147,2020/08/02,Edmonton Zone,1726,24,,,,,,,,,2030,6933,29,1.48,0.2,
148,2020/08/03,Edmonton Zone,1752,26,275,1427,26,,8,,50,,2678,7236,37,0.97,0.3,123.2
149,2020/08/04,Edmonton Zone,1801,49,308,1443,25,-1,8,0,50,0,2639,7197,37,2.01,0.3,126.7
150,2020/08/05,Edmonton Zone,1835,34,325,1459,24,-1,8,0,51,1,3563,7987,45,1.01,0.2,129.1
151,2020/08/06,Edmonton Zone,1874,39,329,1493,23,-1,7,-1,52,1,2463,8553,29,2.03,0.3,131.8
152,2020/08/07,Edmonton Zone,1924,50,,,,,,,,,3130,8779,36,1.98,0.4,
153,2020/08/08,Edmonton Zone,1966,42,,,,,,,,,2961,10166,29,1.69,0.5,
154,2020/08/09,Edmonton Zone,1992,26,388,1550,26,,7,,54,,2795,7412,38,0.97,0.7,140.1
155,2020/08/10,Edmonton Zone,2041,49,401,1586,26,0,7,0,54,0,3122,7057,44,1.67,0.6,143.6
156,2020/08/11,Edmonton Zone,2136,95,470,1611,21,-5,7,0,55,1,3579,8024,45,2.43,0.6,150.2
157,2020/08/12,Edmonton Zone,2166,30,475,1635,21,0,7,0,56,1,2497,7746,32,1.08,0.7,152.3
158,2020/08/13,Edmonton Zone,2218,52,497,1665,22,1,7,0,56,0,2850,8199,35,1.75,0.7,156
159,2020/08/14,Edmonton Zone,2299,81,,,,,,,,,3827,10886,35,1.62,0.6,
160,2020/08/15,Edmonton Zone,2354,55,,,,,,,,,2681,8663,31,1.9,0.7,
161,2020/08/16,Edmonton Zone,2413,59,593,1764,20,,7,,56,,2798,8691,32,2.14,0.6,169.7
162,2020/08/17,Edmonton Zone,2447,34,636,1755,20,0,7,0,56,0,2603,8027,32,2.15,0.7,172.1
163,2020/08/18,Edmonton Zone,2499,52,631,1812,22,2,7,0,56,0,3003,9029,33,1.73,0.7,175.8
164,2020/08/19,Edmonton Zone,2551,52,622,1873,19,-3,6,-1,56,0,2845,9281,31,1.58,0.7,179.4
165,2020/08/20,Edmonton Zone,2637,86,676,1905,18,-1,4,-2,56,0,3480,9866,35,2.41,0.6,185.5
166,2020/08/21,Edmonton Zone,2662,25,,,,,,,,,3030,10175,30,0.79,0.8,
167,2020/08/22,Edmonton Zone,2709,47,,,,,,,,,3822,10096,38,1.2,0.9,
168,2020/08/23,Edmonton Zone,2738,29,631,2049,22,,4,,58,,2621,8489,31,1.03,0.9,192.6
169,2020/08/24,Edmonton Zone,2776,38,608,2109,22,0,3,-1,59,1,2730,8440,32,1.32,0.8,195.3
170,2020/08/25,Edmonton Zone,2837,61,625,2153,23,1,3,0,59,0,3847,9239,42,1.59,0.9,199.5
171,2020/08/26,Edmonton Zone,2889,52,589,2240,25,2,3,0,60,1,3725,10089,37,1.29,1.2,199.5
172,2020/08/27,Edmonton Zone,2922,33,544,2318,21,-4,4,1,60,0,3509,10962,32,0.94,1.1,205.5
173,2020/08/28,Edmonton Zone,2965,43,,,,,,,,,3693,10220,36,1.22,1,
174,2020/08/29,Edmonton Zone,3040,75,,,,,,,,,4137,11205,37,1.72,0.8,
175,2020/08/30,Edmonton Zone,3093,53,551,2481,20,,4,,61,,3808,12244,31,1.37,0.9,217.6
176,2020/08/31,Edmonton Zone,3159,66,542,2555,19,-1,4,0,62,1,2734,9334,29,2.05,1.1,222.2
177,2020/09/01,Edmonton Zone,3210,51,538,2610,21,2,4,0,62,0,2891,8296,35,1.66,1.3,225.8
178,2020/09/02,Edmonton Zone,3255,45,527,2666,22,1,4,0,62,0,2714,9547,28,1.47,1.4,228.9
179,2020/09/03,Edmonton Zone,3340,85,544,2734,21,-1,4,0,62,0,4523,10709,42,1.66,1.7,234.9
180,2020/09/04,Edmonton Zone,3394,54,,,,,,,,,4479,11386,39,1.56,1.6,
181,2020/09/05,Edmonton Zone,3478,84,,,,,,,,,3327,11368,29,2.37,1.7,
182,2020/09/06,Edmonton Zone,3541,63,,,,,,,,,3998,12091,33,1.5,1.6,
183,2020/09/07,Edmonton Zone,3606,65,648,2892,22,,3,,66,,3984,12561,32,1.61,1.5,253.6
184,2020/09/08,Edmonton Zone,3659,53,613,2979,22,0,2,-1,67,1,4308,10500,41,1,1.3,257.4
185,2020/09/09,Edmonton Zone,3722,63,596,3058,22,0,1,-1,68,1,3587,9711,37,1.67,0.9,261.8
186,2020/09/10,Edmonton Zone,3772,50,580,3124,21,-1,1,0,68,0,4621,11979,39,1.15,0.6,265.3
187,2020/09/11,Edmonton Zone,3802,30,,,,,,,,,3552,12757,28,0.96,0.9,
188,2020/09/12,Edmonton Zone,3895,93,,,,,,,,,6504,18919,34,1.25,1.1,
189,2020/09/13,Edmonton Zone,3962,67,654,3239,18,,2,,69,,3484,14451,24,1.95,1.1,278.7
190,2020/09/14,Edmonton Zone,4026,64,650,3307,18,0,2,0,69,0,5177,12985,40,1.31,1.1,283.2
191,2020/09/15,Edmonton Zone,4145,119,710,3366,19,1,1,-1,69,0,6188,12540,49,1.76,1.1,291.5
192,2020/09/16,Edmonton Zone,4235,90,751,3415,21,2,4,3,69,0,6233,13003,48,1.43,1,297.9
193,2020/09/17,Edmonton Zone,4274,39,711,3494,22,1,2,-2,69,0,3488,11313,31,1.06,1.2,300.6
194,2020/09/18,Edmonton Zone,4337,63,,,,,,,,,3988,12451,32,1.45,1,
195,2020/09/19,Edmonton Zone,4404,67,,,,,,,,,3787,9748,39,1.69,0.9,
196,2020/09/20,Edmonton Zone,4484,80,747,3668,19,,3,,69,,5413,12760,42,1.33,0.9,315.4
197,2020/09/21,Edmonton Zone,4572,88,820,3682,18,-1,3,0,70,1,3356,14264,24,2.18,1,321.6
198,2020/09/22,Edmonton Zone,4649,77,821,3758,21,3,5,2,70,0,3945,12317,32,1.85,0.9,327
199,2020/09/23,Edmonton Zone,4727,78,773,3884,21,0,5,0,70,0,4147,12765,32,1.54,1.7,332.5
200,2020/09/24,Edmonton Zone,4808,81,786,3952,20,-1,5,0,70,0,5036,14211,35,1.45,1.8,338.2
201,2020/09/25,Edmonton Zone,4841,33,,,,,,,,,5725,16318,35,1.1,1.9,
202,2020/09/26,Edmonton Zone,4928,87,,,,,,,,,5738,16365,35,1.52,1.8,
203,2020/09/27,Edmonton Zone,5020,92,779,4168,21,,5,,73,,5859,18581,32,1.48,1.9,353.1
204,2020/09/28,Edmonton Zone,5104,84,815,4215,21,0,4,-1,74,1,4472,16187,28,1.88,1.8,359
205,2020/09/29,Edmonton Zone,5187,83,832,4280,20,-1,5,1,75,1,3986,14071,28,1.88,2.2,364.8
206,2020/09/30,Edmonton Zone,5300,113,851,4372,19,-1,5,0,77,2,5804,14678,40,1.72,1.6,372.8
207,2020/10/01,Edmonton Zone,5389,89,835,4477,22,3,7,2,77,0,6624,13379,50,1.43,1.7,379
208,2020/10/02,Edmonton Zone,5464,75,,,,,,,,,5351,12630,42,1.53,2.4,
209,2020/10/03,Edmonton Zone,5606,142,,,,,,,,,7035,17445,40,1.92,2.5,
210,2020/10/04,Edmonton Zone,5728,122,982,4663,23,,6,,83,,5463,15923,34,2.14,2.5,402.9
211,2020/10/05,Edmonton Zone,5886,158,1063,4740,23,0,5,-1,83,0,5373,17654,30,2.94,2.9,414
212,2020/10/06,Edmonton Zone,5974,88,1085,4806,28,5,5,0,83,0,6196,13610,46,1.15,3.1,420.2
213,2020/10/07,Edmonton Zone,6240,266,1251,4906,35,7,6,1,83,0,7846,16408,48,3.35,3.4,438.9
214,2020/10/08,Edmonton Zone,6397,157,1329,4985,39,4,4,-2,83,0,6768,25383,27,2.35,3.2,449.9
215,2020/10/09,Edmonton Zone,6519,122,,,,,,,,,6407,16193,40,2.08,2.7,
216,2020/10/10,Edmonton Zone,6645,126,,,,,,,,,5247,13874,38,2.21,2.9,
217,2020/10/11,Edmonton Zone,6772,127,,,,,,,,,6576,16657,39,1.93,3.3,
218,2020/10/12,Edmonton Zone,6877,105,1444,5347,44,,5,,86,,4790,11459,42,2.21,3.2,483.7
219,2020/10/13,Edmonton Zone,7008,131,1473,5448,48,4,6,1,87,1,5282,14881,35,2.4,3.3,492.9
220,2020/10/14,Edmonton Zone,7128,120,1497,5543,49,1,6,0,88,1,4861,12721,38,2.43,3.5,501.4
221,2020/10/15,Edmonton Zone,7305,177,1525,5692,63,14,5,-1,88,0,5949,14155,42,2.82,4.1,513.8
222,2020/10/16,Edmonton Zone,7446,141,,,,,,,,,6146,16021,38,2.47,4.1,
223,2020/10/17,Edmonton Zone,7532,86,,,,,,,,,4076,12556,32,2.04,4,
224,2020/10/18,Edmonton Zone,7736,204,1604,6044,64,,8,,88,,5502,13578,41,3.62,3.7,544.1
225,2020/10/19,Edmonton Zone,7883,147,1607,6187,63,-1,8,0,89,1,4270,13003,33,3.42,3.6,554.5
226,2020/10/20,Edmonton Zone,8063,180,1649,6323,60,-3,7,-1,91,2,4641,14904,31,3.64,3.3,567.1
227,2020/10/21,Edmonton Zone,8283,220,1718,6474,61,1,9,2,91,0,5241,14304,37,4.08,2.8,582.6
228,2020/10/22,Edmonton Zone,8474,191,1751,6629,61,0,7,-2,94,3,5606,15208,37,3.37,2.5,596
229,2020/10/23,Edmonton Zone,8650,176,,,,,,,,,5689,16367,35,3.11,2.6,
230,2020/10/24,Edmonton Zone,8950,300,,,,,,,,,6326,17106,37,4.82,2.7,
231,2020/10/25,Edmonton Zone,9210,260,2179,6933,62,,8,,98,,4284,12666,34,6.07,2.9,647.8
232,2020/10/26,Edmonton Zone,9365,155,2290,6976,64,2,7,-1,99,1,2879,9325,31,5.28,3.2,658.7
233,2020/10/27,Edmonton Zone,9509,144,2245,7162,70,6,9,2,102,3,3533,10631,33,4.13,3.9,668.8
234,2020/10/28,Edmonton Zone,9706,197,2277,7326,70,0,8,-1,103,1,3584,12153,29,5.47,4.6,682.7
235,2020/10/29,Edmonton Zone,9924,218,2312,7505,78,8,10,2,107,4,4646,12938,36,4.46,5.3,698
236,2020/10/30,Edmonton Zone,10121,197,,,,,,,,,4540,13151,35,4.34,5.3,
237,2020/10/31,Edmonton Zone,10288,167,,,,,,,,,3911,13180,30,4.35,5.9,885.5
238,2020/11/01,Edmonton Zone,10580,292,2521,7998,,,,,107,,4780,11287,42,6.15,6.6,
239,2020/11/02,Edmonton Zone,10861,281,2581,8163,100,,13,,117,10,3188,8418,38,8.88,6.6,763.9
240,2020/11/03,Edmonton Zone,11110,249,2642,8349,98,-2,16,3,119,2,2651,7446,36,4.87,6.7,781.4
241,2020/11/04,Edmonton Zone,11443,333,2734,8531,,,,,119,0,5201,14103,37,6.38,6.1,
242,2020/11/05,Edmonton Zone,11676,233,2819,8713,91,,18,,126,7,4908,14158,35,6.17,5.8,781.4
243,2020/11/06,Edmonton Zone,12075,399,2942,8900,,,,,126,0,4834,15026,32,7.84,6.3,
244,2020/11/07,Edmonton Zone,12320,245,3064,9088,,,,,126,0,3714,12166,31,6.54,6.4,
245,2020/11/08,Edmonton Zone,12589,269,3175,9276,106,,22,,138,12,3575,11609,31,7.97,6.4,885.5
246,2020/11/09,Edmonton Zone,12955,366,3255,9558,115,9,23,1,142,4,3784,9310,41,9.3,6.8,911.2
247,2020/11/10,Edmonton Zone,13218,263,,,,,,,,,4016,12668,32,6.55,6.6,
248,2020/11/11,Edmonton Zone,13590,372,3387,10054,124,,28,,149,,4885,14901,33,7.86,7.2,955.9
249,2020/11/12,Edmonton Zone,13993,403,3572,10268,132,8,30,2,153,4,4954,14002,35,8.3,7.9,984.2
250,2020/11/13,Edmonton Zone,14416,423,,,,,,,,,4765,14284,33,9.23,8.1,
251,2020/11/14,Edmonton Zone,14807,391,,,,,,,,,4740,15585,30,8.82,8.3,
252,2020/11/15,Edmonton Zone,15137,330,4134,10835,153,,36,,168,,4011,12180,33,8.6,8.5,1064.7
253,2020/11/16,Edmonton Zone,15443,306,4138,11133,152,-1,37,1,172,4,3375,11520,29,9.21,8.7,1086.2
254,2020/11/17,Edmonton Zone,15771,328,4157,11436,157,5,36,-1,178,6,5089,13412,38,6.58,8.8,1109.3
255,2020/11/18,Edmonton Zone,16302,531,4388,11732,147,-10,38,2,182,4,5861,16406,36,8.94,10.3,1146.6
256,2020/11/19,Edmonton Zone,16801,499,4520,12092,163,16,36,-2,189,7,6188,17687,35,8.35,10.4,1181.7
257,2020/11/20,Edmonton Zone,17519,718,4941,12385,164,1,35,-1,193,4,8675,19270,45,8.13,10.3,1232.2
258,2020/11/21,Edmonton Zone,18355,836,5479,12683,163,-1,37,2,193,0,7989,19477,41,10.41,10.9,1291
259,2020/11/22,Edmonton Zone,19151,796,5991,12966,163,0,39,2,194,1,7399,19474,38,10.64,10.9,1347
260,2020/11/23,Edmonton Zone,19692,541,6128,13356,169,6,39,0,208,14,4971,13576,37,10.22,12.2,1385.1
261,2020/11/24,Edmonton Zone,20252,560,6268,13769,175,6,40,1,215,7,6209,15644,40,8.89,13.3,1427.3
262,2020/11/25,Edmonton Zone,20711,459,6444,14046,191,16,47,7,221,6,5911,15932,37,7.56,14.2,1459.7
263,2020/11/26,Edmonton Zone,21351,640,6614,14512,199,8,51,4,225,4,7087,16284,44,9.03,14.7,1504.8
264,2020/11/27,Edmonton Zone,22163,812,6968,14967,208,9,51,0,228,3,8795,21657,41,9.11,16,1562
265,2020/11/28,Edmonton Zone,22828,665,7230,15364,222,14,50,-1,234,6,8125,23282,35,8.15,16.7,1608.9
266,2020/11/29,Edmonton Zone,23433,605,7388,15808,232,10,53,3,237,3,5895,20499,29,10.16,18.2,1651.5
267,2020/11/30,Edmonton Zone,24093,660,7552,16297,245,13,51,-2,244,7,6304,15816,40,10.42,19.3,1698
268,2020/12/01,Edmonton Zone,24895,802,7857,16790,261,16,55,4,248,4,7652,18432,42,10.47,20.3,1754.6
269,2020/12/02,Edmonton Zone,25898,1003,8331,17309,269,8,61,6,258,10,8233,19622,42,11.94,19.8,1825.2
270,2020/12/03,Edmonton Zone,26725,827,8578,17877,282,13,63,2,270,12,6079,17186,35,13.51,21.6,1883.5
271,2020/12/04,Edmonton Zone,27543,818,8777,18492,299,17,62,-1,274,4,7849,21069,37,10.24,22.6,1941.2
272,2020/12/05,Edmonton Zone,28296,753,8963,19046,336,37,59,-3,287,13,8458,23435,36,8.99,24,1994.2
273,2020/12/06,Edmonton Zone,29110,814,9190,19621,335,-1,63,4,299,12,9133,20358,45,8.91,24.6,2051.6
274,2020/12/07,Edmonton Zone,29901,791,9383,20214,357,22,66,3,304,5,7341,19109,38,10.84,24.4,2107.4
275,2020/12/08,Edmonton Zone,30607,706,9289,21008,375,18,71,5,310,6,6671,16792,40,10.52,24.8,2107.4
276,2020/12/09,Edmonton Zone,31550,943,9464,21770,371,-4,72,1,316,6,7837,16793,47,11.89,26.4,2223.6
277,2020/12/10,Edmonton Zone,32466,916,9570,22569,378,7,73,1,327,11,9231,20957,44,9.9,26.2,2288.1
278,2020/12/11,Edmonton Zone,33213,747,9548,23329,379,1,83,10,336,9,8418,20227,42,8.68,25.9,2340.8
279,2020/12/12,Edmonton Zone,34014,801,9778,23884,388,9,87,4,352,16,8892,21725,41,9.01,24.9,2397.2
280,2020/12/13,Edmonton Zone,35011,997,10194,24458,403,15,87,0,359,7,10295,20416,50,9.65,25.2,2467.5
281,2020/12/14,Edmonton Zone,35603,592,9946,25288,419,16,90,3,369,10,5827,16353,36,9.87,24.8,2509.2
282,2020/12/15,Edmonton Zone,36165,562,9715,26071,418,-1,87,-3,379,10,6812,17569,39,8.15,23.8,2548.8
283,2020/12/16,Edmonton Zone,36925,760,9525,27004,420,2,83,-4,396,17,8538,19852,43,8.88,24,2602.4
284,2020/12/17,Edmonton Zone,37575,650,9376,27794,415,-5,83,0,405,9,7883,19538,40,8.11,23.8,2648.2
285,2020/12/18,Edmonton Zone,38141,566,9174,28544,432,17,89,6,423,18,7091,18502,38,7.91,23.9,2688.1
286,2020/12/19,Edmonton Zone,38724,583,9154,29142,428,-4,87,-2,428,5,6879,17956,38,8.4,24.6,2729.2
287,2020/12/20,Edmonton Zone,39249,525,9147,29666,456,28,87,0,436,8,7464,18306,41,7.03,25.3,2766.2
288,2020/12/21,Edmonton Zone,39690,441,8644,30606,466,10,87,0,440,4,6153,14199,43,7.02,25.7,2766.2
289,2020/12/22,Edmonton Zone,40354,664,8427,31475,475,9,83,-4,452,12,8547,19222,44,7.18,26.9,2844.1
290,2020/12/23,Edmonton Zone,40874,520,,,,,,,,,7143,15585,46,7.42,26.2,
291,2020/12/24,Edmonton Zone,41443,569,,,,,,,,,8510,17845,48,6.71,26.2,
292,2020/12/25,Edmonton Zone,41813,370,,,,,,,,,5745,14193,40,6.28,26.3,
293,2020/12/26,Edmonton Zone,41983,170,,,,,,,,,2709,6866,39,5.94,25.4,
294,2020/12/27,Edmonton Zone,42328,345,7127,34672,490,,81,,529,,3254,9633,34,10.63,24,2983.2
295,2020/12/28,Edmonton Zone,42684,356,6701,35439,499,9,85,4,544,15,3910,11006,36,7.95,23.8,3008.3
296,2020/12/29,Edmonton Zone,43341,657,6624,36165,515,16,83,-2,552,8,6449,14741,44,10.03,22.7,3054.6
297,2020/12/30,Edmonton Zone,43888,547,,,,,,,,,7692,16867,46,6.64,22.8,
298,2020/12/31,Edmonton Zone,44468,580,,,,,,,,,7040,16347,43,7.86,21.9,
299,2021/01/01,Edmonton Zone,44800,332,,,,,,,,,4864,12719,38,6.74,20.6,
300,2021/01/02,Edmonton Zone,44975,175,,,,,,,,,2921,8112,36,5.44,19.8,
301,2021/01/03,Edmonton Zone,45312,337,5983,38722,488,,69,,607,,3365,11963,28,9.36,18.9,3054.6
302,2021/01/04,Edmonton Zone,45652,340,5794,39241,495,7,68,-1,617,10,3570,10301,35,9.22,17.7,3193.5
303,2021/01/05,Edmonton Zone,46073,421,5673,39767,479,-16,64,-4,633,16,6650,16127,41,6.24,17.3,3247.1
304,2021/01/06,Edmonton Zone,46386,313,5465,40275,455,-24,64,0,646,13,5042,14833,34,5.89,15.2,3269.2
305,2021/01/07,Edmonton Zone,46793,407,5483,40652,441,-14,61,-3,658,12,6703,16765,40,5.71,14.2,3297.9
306,2021/01/08,Edmonton Zone,47107,314,5696,40737,440,-1,62,1,674,16,4692,13540,35,5.63,14.6,3320
307,2021/01/09,Edmonton Zone,47349,242,5543,41126,423,-17,57,-5,680,6,3765,12302,31,5.84,14.1,3337.1
308,2021/01/10,Edmonton Zone,47543,194,5441,41411,437,14,60,3,691,11,2863,9838,29,6.11,14.8,3350.7
309,2021/01/11,Edmonton Zone,47798,255,5042,42042,436,-1,61,1,714,23,2841,9336,30,7.85,14.9,3368.7
310,2021/01/12,Edmonton Zone,48100,302,4828,42549,428,-8,66,5,723,9,6151,15880,39,4.45,14.6,3390
311,2021/01/13,Edmonton Zone,48413,313,4570,43108,409,-19,60,-6,735,12,6319,16219,39,4.3,13.8,3412.1
312,2021/01/14,Edmonton Zone,48647,234,4355,43552,399,-10,54,-6,740,5,5099,13575,38,4.06,13.6,3428.5
313,2021/01/15,Edmonton Zone,48875,228,4510,43618,379,-20,54,0,747,7,4574,12439,37,4.72,12.6,3444.6
314,2021/01/16,Edmonton Zone,49130,255,4303,44072,363,-16,51,-3,755,8,3534,11484,31,6.68,12.8,3462.6
315,2021/01/17,Edmonton Zone,49307,177,4237,44310,366,3,47,-4,760,5,2468,8592,29,6.69,11,3475.1
316,2021/01/18,Edmonton Zone,49411,104,3875,44774,365,-1,47,0,762,2,2415,8258,29,4.35,10.7,3482.4
317,2021/01/19,Edmonton Zone,49664,253,3679,45213,363,-2,46,-1,772,10,6629,14888,45,3.76,10.1,3500.2
318,2021/01/20,Edmonton Zone,49894,230,3561,45550,348,-15,44,-2,783,11,5365,14060,38,4.29,10.6,3516.4
319,2021/01/21,Edmonton Zone,50088,194,3511,45789,325,-23,42,-2,788,5,5212,13019,40,3.74,9.9,3530.1
320,2021/01/22,Edmonton Zone,50264,176,3407,46065,314,-11,43,1,792,4,3589,10894,33,4.79,9,3542.5
321,2021/01/23,Edmonton Zone,50402,138,3299,46295,279,-35,39,-4,808,16,2861,10237,28,4.72,7.7,3552.2
322,2021/01/24,Edmonton Zone,50737,335,3245,46665,274,-5,38,-1,825,17,2013,7186,28,5.51,7.3,3575.8
323,2021/01/25,Edmonton Zone,50856,119,3027,46997,272,-2,37,-1,832,7,2647,8312,32,4.46,6.4,3584.2
324,2021/01/26,Edmonton Zone,50990,134,2862,47292,258,-14,36,-1,836,4,4910,12856,38,2.81,6,3536
325,2021/01/27,Edmonton Zone,51111,121,2764,47508,255,-3,42,6,839,3,4160,12324,34,3.17,5.9,3544.4
326,2021/01/28,Edmonton Zone,51266,155,2662,47756,246,-9,38,-4,848,9,4725,11591,41,3.24,6,3555.2
327,2021/01/29,Edmonton Zone,51356,90,2529,47972,236,-10,36,-2,855,7,3223,10377,31,2.82,5.3,3561.4
328,2021/01/30,Edmonton Zone,51464,108,2475,48131,228,-8,37,1,858,3,2528,8946,28,4.19,5.3,3568.9
329,2021/01/31,Edmonton Zone,51570,106,2439,48269,225,-3,38,1,862,4,2044,7294,28,5.38,5.3,3576.3
330,2021/02/01,Edmonton Zone,51643,73,2280,48498,225,0,36,-2,865,3,2480,7899,31,3.15,4.8,3581.3
331,2021/02/02,Edmonton Zone,51706,63,2147,48689,223,-2,35,-1,870,5,2592,6837,38,2.28,4.3,3585.7
332,2021/02/03,Edmonton Zone,51887,181,2117,48895,215,-8,32,-3,875,5,4755,11512,41,2.54,3.7,3598.2
333,2021/02/04,Edmonton Zone,51992,105,2041,49072,194,-21,30,-2,879,4,3703,9989,37,2.38,3.3,3605.5
334,2021/02/05,Edmonton Zone,52066,74,1940,49241,182,-12,28,-2,885,6,2617,10033,26,3.06,3.5,3610.7
335,2021/02/06,Edmonton Zone,52139,73,1889,49362,169,-13,25,-3,888,3,2015,8241,24,3.47,3.2,3615.7
336,2021/02/07,Edmonton Zone,52211,72,1870,49451,161,-8,23,-2,890,2,1734,6184,28,4.04,2.6,3620.7
337,2021/02/08,Edmonton Zone,52271,60,1748,49631,159,-2,23,0,892,2,2024,7003,29,2.72,2.5,3624.9
338,2021/02/09,Edmonton Zone,52377,106,1705,49778,149,-10,22,-1,894,2,4121,10873,38,2.33,2.2,3632.2
339,2021/02/10,Edmonton Zone,52471,94,1616,49954,138,-11,21,-1,901,7,3646,9968,37,1.84,2,3638.7
340,2021/02/11,Edmonton Zone,52534,63,1567,50055,122,-16,21,0,912,11,2717,8410,32,2.25,1.9,3643.1
341,2021/02/12,Edmonton Zone,52623,89,1519,50186,124,2,23,2,918,6,2249,8070,28,3.02,2,3649.3
342,2021/02/13,Edmonton Zone,52669,46,1453,50294,118,-6,18,-5,922,4,2260,7972,28,1.73,2.1,3652.5
343,2021/02/14,Edmonton Zone,52709,40,1435,50352,118,0,19,1,922,0,1414,5389,26,2.9,2.5,3655.2
344,2021/02/15,Edmonton Zone,52767,58,1333,50507,121,3,19,0,927,5,1346,5216,26,3.34,2.4,3659.3
345,2021/02/16,Edmonton Zone,52847,80,1270,50647,122,1,21,2,930,3,2653,7476,35,3.02,2.6,3664.8
346,2021/02/17,Edmonton Zone,52966,119,1287,50746,116,-6,16,-5,933,3,3568,10275,35,2.49,3,3664.8
347,2021/02/18,Edmonton Zone,53044,78,1260,50846,112,-4,17,1,938,5,3334,9376,36,2.1,3,3678.5
348,2021/02/19,Edmonton Zone,53090,46,1192,50959,106,-6,15,-2,939,1,2361,8380,28,2.03,2.9,3681.7
349,2021/02/20,Edmonton Zone,53139,49,1115,51082,98,-8,16,1,942,3,1924,7541,26,2.6,2.9,3685.1
350,2021/02/21,Edmonton Zone,53180,41,1028,51201,96,-2,16,0,951,9,1383,6062,23,3.18,3,3687.9
351,2021/02/22,Edmonton Zone,53240,60,930,51354,96,0,17,1,956,5,1815,6335,29,2.98,3,3692.1
352,2021/02/23,Edmonton Zone,53357,117,925,51469,93,-3,18,1,963,7,2465,9467,26,4.02,2.6,3700.2
353,2021/02/24,Edmonton Zone,53453,96,897,51589,82,-11,18,0,967,4,2953,9217,32,2.95,1.8,3706.8
354,2021/02/25,Edmonton Zone,53562,109,908,51686,74,-8,18,0,968,1,3076,9212,33,2.63,1.7,3714.4
355,2021/02/26,Edmonton Zone,53650,88,926,51756,72,-2,18,0,968,0,2008,7761,26,4.38,1.7,3720.5
356,2021/02/27,Edmonton Zone,53737,87,970,51797,66,-6,15,-3,970,2,1962,7503,26,4.28,1.8,3726.5
357,2021/02/28,Edmonton Zone,53807,70,1014,51823,69,3,16,1,970,0,1390,5933,23,5.04,1.8,3731.4
358,2021/03/01,Edmonton Zone,53882,75,1030,51882,76,7,18,2,970,0,1829,5864,31,3.99,2.2,3736.6
359,2021/03/02,Edmonton Zone,53985,103,1054,51959,76,0,15,-3,972,2,2914,10362,28,3.53,2.5,3743.7
360,2021/03/03,Edmonton Zone,54086,101,1082,52030,76,0,16,1,974,2,2685,9483,28,3.58,3,3750.7
361,2021/03/04,Edmonton Zone,54173,87,1101,52097,73,-3,14,-2,975,1,3119,10559,30,3.11,3.1,3756.8
362,2021/03/05,Edmonton Zone,54266,93,1154,52136,70,-3,13,-1,976,1,2483,8142,30,3.87,3.6,3763.2
363,2021/03/06,Edmonton Zone,54347,81,,,,,,,,,2016,8086,25,3.77,3.8,
364,2021/03/07,Edmonton Zone,54410,63,1191,52241,74,,12,,978,,1302,5485,24,5.07,3.7,3773.2
365,2021/03/08,Edmonton Zone,54496,86,1182,52334,76,2,12,0,980,2,1819,5434,33,4.23,3.5,3779.2
366,2021/03/09,Edmonton Zone,54581,85,1156,52445,72,-4,11,-1,980,0,2682,10414,26,3.36,3.6,3785.1
367,2021/03/10,Edmonton Zone,54654,73,1147,52524,75,3,11,0,983,3,2923,10167,29,2.91,4.2,3790.1
368,2021/03/11,Edmonton Zone,54744,90,1155,52605,81,6,10,-1,984,1,3095,9913,31,3.17,4.9,3796.4
369,2021/03/12,Edmonton Zone,54836,92,1147,52701,87,6,10,0,988,4,2230,8873,25,4.13,4.6,3802.7
370,2021/03/13,Edmonton Zone,54916,80,1154,52770,85,-2,10,0,992,4,1892,8343,23,4.02,4.4,3808.3
371,2021/03/14,Edmonton Zone,54992,76,1160,52839,85,0,12,2,993,1,1586,6618,24,4.92,4.6,3813.6
372,2021/03/15,Edmonton Zone,55072,80,1114,52964,87,2,13,1,994,1,1635,6018,27,5.14,4.6,3819.1
373,2021/03/16,Edmonton Zone,55186,114,1163,53029,86,-1,13,0,994,0,3267,10827,30,3.55,4.8,3827
374,2021/03/17,Edmonton Zone,55327,141,1231,53102,87,1,11,-2,994,0,3048,10934,28,4.92,3.8,3836.8
375,2021/03/18,Edmonton Zone,55490,163,1299,53197,93,6,10,-1,994,0,3119,11918,26,5.23,3.2,3848.1
376,2021/03/19,Edmonton Zone,55587,97,1310,53280,89,-4,11,1,997,3,2694,9979,27,3.41,3.4,3854.8
377,2021/03/20,Edmonton Zone,55698,111,1374,53325,87,-2,11,0,999,2,2591,11405,23,3.94,3.4,3862.5
378,2021/03/21,Edmonton Zone,55786,88,1407,53378,85,-2,12,1,1001,2,1635,7547,22,5.63,3.2,3868.6
379,2021/03/22,Edmonton Zone,55865,79,1378,53484,82,-3,13,1,1003,2,1608,7328,22,4.85,3.5,3874.1
380,2021/03/23,Edmonton Zone,56032,167,1455,53574,83,1,13,0,1003,0,3680,12835,29,4.57,3.6,3885.7
381,2021/03/24,Edmonton Zone,56174,142,1512,53658,83,0,15,2,1004,1,3387,14062,24,4.07,3.9,3895.5
382,2021/03/25,Edmonton Zone,56304,130,1552,53747,84,1,18,3,1005,1,2914,13308,22,4.53,4.3,3904.6
383,2021/03/26,Edmonton Zone,56457,153,1624,53827,87,3,18,0,1006,1,2873,11522,25,5.22,4.4,3915.2
384,2021/03/27,Edmonton Zone,56633,176,1734,53892,85,-2,17,-1,1007,1,2591,11953,22,6.56,4.3,3927.4
385,2021/03/28,Edmonton Zone,56723,90,1750,53966,90,5,18,1,1007,0,1534,8362,18,6.13,4.5,3933.6
386,2021/03/29,Edmonton Zone,56861,138,1762,54090,92,2,14,-4,1009,2,2084,8078,26,6.33,4.8,3943.2
387,2021/03/30,Edmonton Zone,57070,209,1844,54216,96,4,15,1,1010,1,3703,13739,27,5.91,4.5,3957.7
388,2021/03/31,Edmonton Zone,57250,180,1889,54349,84,-12,13,-2,1012,2,3594,13610,26,5.18,4.3,3970.2
389,2021/04/01,Edmonton Zone,57494,244,,,,,,,,,3435,13275,26,7.54,4.6,
390,2021/04/02,Edmonton Zone,57733,239,,,,,,,,,3228,12095,27,7.31,5.2,
391,2021/04/03,Edmonton Zone,57963,230,,,,,,,,,2724,11187,24,8.59,5.6,
392,2021/04/04,Edmonton Zone,58144,181,2365,54765,94,,19,,1014,,2050,9102,23,8.98,6.1,4032.2
393,2021/04/05,Edmonton Zone,58385,241,2447,54924,97,3,19,0,1014,0,2526,9126,28,9.62,5.7,4048.9
394,2021/04/06,Edmonton Zone,58731,346,2640,55077,99,2,21,2,1014,0,3830,14051,27,8.9,6,4072.9
395,2021/04/07,Edmonton Zone,59121,390,2916,55189,101,2,20,-1,1016,2,4548,15203,30,8.33,6.5,4099.9
396,2021/04/08,Edmonton Zone,59516,395,3169,55330,100,-1,21,1,1017,1,5105,15611,33,7.7,6.7,4127.3
397,2021/04/09,Edmonton Zone,59822,306,3320,55484,111,11,20,-1,1018,1,4792,14371,33,6.39,7.4,4148.5
398,2021/04/10,Edmonton Zone,60142,320,3524,55599,120,9,25,5,1019,1,4548,14861,31,6.73,8.3,4170.7
399,2021/04/11,Edmonton Zone,60426,284,3688,55715,126,6,27,2,1023,4,3575,12286,29,7.22,8.4,4190.4
400,2021/04/12,Edmonton Zone,60679,253,3717,55938,132,6,29,2,1024,1,3544,11965,30,7,9.1,4207.9
401,2021/04/13,Edmonton Zone,61147,468,3960,56159,146,14,30,1,1028,4,4902,15738,31,8.43,9.7,4240.4
402,2021/04/14,Edmonton Zone,61595,448,4201,56365,147,1,29,-1,1029,1,5646,17198,33,7.7,9.7,4271.5
403,2021/04/15,Edmonton Zone,62028,433,4388,56611,146,-1,32,3,1029,0,5320,16876,32,7.99,9.5,4301.5
404,2021/04/16,Edmonton Zone,62438,410,4606,56802,148,2,33,1,1030,1,5369,16353,33,7.54,9.1,4329.9
405,2021/04/17,Edmonton Zone,62834,396,4788,57015,150,2,34,1,1031,1,4738,15343,31,8.08,8.7,4357.4
406,2021/04/18,Edmonton Zone,63141,307,4887,57223,155,5,36,2,1031,0,3404,12588,27,8.78,8.7,4378.7
407,2021/04/19,Edmonton Zone,63501,360,4899,57567,161,6,33,-3,1035,4,4313,13163,33,8.28,8.8,4403.6
408,2021/04/20,Edmonton Zone,64023,522,,,,,,,,,6358,18414,35,8.08,8.9,
409,2021/04/21,Edmonton Zone,64509,486,5102,58370,179,,39,,1037,,5509,17524,31,8.6,10.7,4473.5
410,2021/04/22,Edmonton Zone,65050,541,5307,58705,192,13,45,6,1038,1,5995,17562,34,8.84,11.1,4511.1
411,2021/04/23,Edmonton Zone,65620,570,5536,59045,213,21,50,5,1039,1,6027,17725,34,9.01,11.8,4550.6
412,2021/04/24,Edmonton Zone,66021,401,5700,59280,219,6,54,4,1041,2,5486,17025,32,7.51,12.4,4578.4
413,2021/04/25,Edmonton Zone,66425,404,,,,,,,,,4950,14853,33,8.67,13.2,
414,2021/04/26,Edmonton Zone,66680,255,5672,59969,221,,52,,1039,,2958,13743,22,8.45,13.2,4624.1
415,2021/04/27,Edmonton Zone,67176,496,5755,60382,223,2,52,0,1039,0,6087,18976,32,8,13.6,4658.5
416,2021/04/28,Edmonton Zone,67753,577,5916,60798,224,1,56,4,1039,0,6488,20582,32,8.75,12.6,4698.5
417,2021/04/29,Edmonton Zone,68253,500,5992,61222,233,9,58,2,1039,0,6022,18955,32,8.24,13.6,4698.5
418,2021/04/30,Edmonton Zone,68798,545,6065,61693,230,-3,60,2,1040,1,5935,20457,29,9,13.1,4771
419,2021/05/01,Edmonton Zone,69154,356,6088,62026,235,5,61,1,1040,0,4668,16567,28,7.28,12.9,4795.7
420,2021/05/02,Edmonton Zone,69459,305,6033,62384,233,-2,58,-3,1042,2,3437,15058,23,8.82,12.5,4816.8
421,2021/05/03,Edmonton Zone,69951,492,6014,62892,235,2,58,0,1045,3,4683,14585,32,10.21,12.2,4850.9
422,2021/05/04,Edmonton Zone,70506,555,6098,63363,230,-5,54,-4,1045,0,5651,20494,28,9.5,11.7,4889.4
423,2021/05/05,Edmonton Zone,70952,446,5979,63928,228,-2,56,2,1045,0,5489,19909,28,8.42,11.2,4920.4
424,2021/05/06,Edmonton Zone,71418,466,5969,64404,232,4,57,1,1045,0,5430,18936,29,8.56,10.5,4952.7
425,2021/05/07,Edmonton Zone,71856,438,5900,64911,238,6,57,0,1045,0,5644,18809,30,8.03,10,4983
426,2021/05/08,Edmonton Zone,72209,353,5917,65247,242,4,67,10,1045,0,3721,15509,24,8.98,9.2,5007.5
427,2021/05/09,Edmonton Zone,72578,369,5944,65586,240,-2,69,2,1048,3,3827,13921,27,9.51,10,5033.1
428,2021/05/10,Edmonton Zone,72862,284,5707,66107,246,6,71,2,1048,0,2864,11852,24,10.54,9.9,5052.8
429,2021/05/11,Edmonton Zone,73251,389,5606,66596,263,17,77,6,1049,1,4740,17534,27,8.02,11.7,5079.8
430,2021/05/12,Edmonton Zone,73621,370,5470,67097,255,-8,77,0,1054,5,3872,15266,25,9.71,10.9,5105.4
431,2021/05/13,Edmonton Zone,73935,314,5278,67601,246,-9,75,-2,1056,2,3779,15029,25,8.49,10.8,5127.2
432,2021/05/14,Edmonton Zone,74263,328,5140,68067,243,-3,74,-1,1056,0,4126,12926,32,8.17,10.3,5150
433,2021/05/15,Edmonton Zone,74535,272,5035,68442,231,-12,79,5,1058,2,3119,11858,26,8.95,9.4,5168.8
434,2021/05/16,Edmonton Zone,74732,197,4930,68742,223,-8,73,-6,1060,2,1783,7002,25,11.05,9.4,5168.8
435,2021/05/17,Edmonton Zone,74986,254,4656,69270,228,5,76,3,1060,0,2527,8081,31,10.29,9.7,5200.1
436,2021/05/18,Edmonton Zone,75264,278,4446,69755,233,5,70,-6,1063,3,3147,10392,30,9.25,9.1,5219.4
437,2021/05/19,Edmonton Zone,75462,198,4195,70202,226,-7,65,-5,1065,2,2302,9038,25,8.91,9.2,5233.1
438,2021/05/20,Edmonton Zone,75637,175,3966,70606,220,-6,69,4,1065,0,3495,10130,35,5.06,9.7,5245.2
439,2021/05/21,Edmonton Zone,75769,132,3729,70973,209,-11,68,-1,1067,2,3202,9500,34,4.78,9.9,5254.4
440,2021/05/22,Edmonton Zone,75907,138,3562,71277,199,-10,71,3,1068,1,2004,6944,29,6.94,9.5,5264
441,2021/05/23,Edmonton Zone,76006,99,3361,71576,198,-1,70,-1,1069,1,1237,5085,24,8.25,9.5,5270.8
442,2021/05/24,Edmonton Zone,76096,90,3088,71936,192,-6,63,-7,1072,3,1238,3998,31,7.27,8.6,5277.1
443,2021/05/25,Edmonton Zone,76209,113,2823,72312,183,-9,62,-1,1074,2,1836,5979,31,6.59,7.9,5284.9
444,2021/05/26,Edmonton Zone,76345,136,2616,72655,185,2,61,-1,1074,0,2844,9017,32,5.24,7.1,5294.3
445,2021/05/27,Edmonton Zone,76478,133,2450,72951,176,-9,62,1,1077,3,2122,7703,28,6.36,6.4,5303.6
446,2021/05/28,Edmonton Zone,76580,102,2239,73261,159,-17,57,-5,1080,3,2044,6882,30,5.19,5.4,5310.6
447,2021/05/29,Edmonton Zone,76682,102,2126,73476,152,-7,56,-1,1080,0,1835,6586,28,5.4,5.2,5317.7
448,2021/05/30,Edmonton Zone,76760,78,2017,73660,143,-9,53,-3,1083,3,1213,4411,27,6.18,5.3,5323.1
449,2021/05/31,Edmonton Zone,76829,69,1799,73946,143,0,48,-5,1084,1,1364,4100,33,5.13,5.2,5327.9
450,2021/06/01,Edmonton Zone,76924,95,1647,74192,139,-4,47,-1,1085,1,2318,8315,28,4.57,4.8,5334.5
451,2021/06/02,Edmonton Zone,77003,79,1522,74392,139,0,47,0,1089,4,2187,6808,32,3.84,4.5,5340
452,2021/06/03,Edmonton Zone,77068,65,1415,74561,129,-10,41,-6,1092,3,1501,5818,26,4.33,4,5344.5
453,2021/06/04,Edmonton Zone,77129,61,1346,74689,126,-3,40,-1,1094,2,1968,6843,29,3.3,4,5348.7
454,2021/06/05,Edmonton Zone,77198,69,1315,74789,116,-10,37,-3,1094,0,1200,5337,22,5.42,3.6,5353.5
455,2021/06/06,Edmonton Zone,77243,45,1273,74876,110,-6,39,2,1094,0,1335,4027,33,3.75,3.5,5356.6
456,2021/06/07,Edmonton Zone,77273,30,1209,74970,108,-2,36,-3,1094,0,864,3443,25,3.12,3,5358.7
457,2021/06/08,Edmonton Zone,77353,80,1114,75142,109,1,33,-3,1097,3,2615,8545,31,3.14,2.9,5364.3
458,2021/06/09,Edmonton Zone,77401,48,1028,75274,98,-11,34,1,1099,2,1797,5501,33,2.45,2.6,5367.6
459,2021/06/10,Edmonton Zone,77431,30,929,75402,90,-8,31,-3,1100,1,1903,6682,28,1.89,2.4,5369.7
460,2021/06/11,Edmonton Zone,77454,23,,,,,,,,,1425,5476,26,1.61,2.2,
461,2021/06/12,Edmonton Zone,77490,36,800,75590,85,,28,,1100,,1447,5799,25,2.42,2.2,5373.8
462,2021/06/13,Edmonton Zone,77508,18,750,75658,77,-8,25,-3,1100,0,986,3315,30,2.13,1.8,5375
463,2021/06/14,Edmonton Zone,77533,25,660,75772,72,-5,22,-3,1101,1,1145,4476,26,1.92,1.7,5376.7
464,2021/06/15,Edmonton Zone,77560,27,596,75863,65,-7,20,-2,1101,0,2031,6708,30,1.53,1.4,5378.6
465,2021/06/16,Edmonton Zone,77578,18,535,75942,61,-4,19,-1,1101,0,1822,6044,30,1.15,1.4,5378.6
466,2021/06/17,Edmonton Zone,77583,5,486,75996,58,-3,18,-1,1101,0,1343,5574,24,0.67,1.5,5380.2
467,2021/06/18,Edmonton Zone,77597,14,427,76067,51,-7,14,-4,1103,2,1397,5055,28,1.15,1.3,5381.2
468,2021/06/19,Edmonton Zone,77619,22,404,76112,51,0,14,0,1103,0,1100,4878,23,1.09,0.9,5382.7
469,2021/06/20,Edmonton Zone,77628,9,370,76155,53,2,18,4,1103,0,854,2833,30,0.82,0.9,5383.3
470,2021/06/21,Edmonton Zone,77627,-1,311,76214,49,-4,18,0,1102,-1,1563,5019,31,0.7,0.8,5383.3
471,2021/06/22,Edmonton Zone,77633,6,272,76259,51,2,22,4,1102,0,1612,6335,25,0.68,0.8,5383.7
472,2021/06/23,Edmonton Zone,77639,6,246,76291,49,-2,18,-4,1102,0,1822,5715,32,0.6,0.8,5384.1
473,2021/06/24,Edmonton Zone,77656,17,,,,,,,,,1827,7073,26,1.37,0.7,
474,2021/06/25,Edmonton Zone,77669,13,,,,,,,,,1523,6083,25,0.85,0.7,
475,2021/06/26,Edmonton Zone,77672,3,,,,,,,,,1346,4587,29,0.3,0.8,
476,2021/06/27,Edmonton Zone,77678,6,195,76381,46,,15,,1102,,1381,4489,31,0.43,0.6,5386.8
477,2021/06/28,Edmonton Zone,77693,15,169,76422,41,-5,13,-2,1102,0,1023,3453,30,0.88,0.5,5387.8
478,2021/06/29,Edmonton Zone,77709,16,158,76449,40,-1,13,0,1102,0,1914,6335,30,0.63,0.5,5388.9
479,2021/06/30,Edmonton Zone,77712,3,,,,,,,,,1470,5240,28,0.61,0.3,
480,2021/07/01,Edmonton Zone,77715,3,134,76479,36,,12,,1102,,1853,5492,34,0.22,0.3,5389.4
481,2021/07/02,Edmonton Zone,77734,19,,,,,,,,,1047,3928,27,0.48,0.3,
482,2021/07/03,Edmonton Zone,77743,9,,,,,,,,,1176,4208,28,0.77,0.2,
483,2021/07/04,Edmonton Zone,77749,6,132,76514,32,,13,,1103,,1144,4263,27,0.52,0.2,5391.7
484,2021/07/05,Edmonton Zone,77758,9,134,76520,33,1,13,0,1104,1,1546,4415,35,0.84,0.4,5392.3
485,2021/07/06,Edmonton Zone,77779,21,137,76538,33,0,11,-2,1104,0,1802,6162,29,0.78,0.3,5393.8
486,2021/07/07,Edmonton Zone,77781,2,124,76553,31,-2,10,-1,1104,0,1862,5897,32,0.32,0.3,5393.9
487,2021/07/08,Edmonton Zone,77793,12,117,76572,30,-1,11,1,1104,0,2070,7316,28,0.58,0.4,5394.8
488,2021/07/09,Edmonton Zone,77808,15,,,,,,,,,1665,5842,29,0.54,0.5,
489,2021/07/10,Edmonton Zone,77811,3,,,,,,,,,1369,6021,23,0.15,0.9,
490,2021/07/11,Edmonton Zone,77819,8,118,76597,35,,11,,1104,,1106,4013,28,0.63,0.8,5396.6
491,2021/07/12,Edmonton Zone,77830,11,119,76607,34,-1,10,-1,1104,0,1385,4991,28,0.65,0.7,5397.3
492,2021/07/13,Edmonton Zone,77843,13,113,76626,36,2,11,1,1104,0,1913,6859,28,0.37,0.6,5398.2
493,2021/07/14,Edmonton Zone,77849,6,118,76627,32,-4,11,0,1104,0,1769,6216,28,0.57,0.6,5398.6
494,2021/07/15,Edmonton Zone,77853,4,90,76628,31,-1,9,-2,1104,0,1859,6365,29,0.54,0.4,5398.9
495,2021/07/16,Edmonton Zone,77853,0,,,,,,,,,1515,5517,27,0.53,0.4,
496,2021/07/17,Edmonton Zone,77863,10,,,,,,,,,1375,5358,26,0.8,0,
497,2021/07/18,Edmonton Zone,77873,10,129,76640,27,,7,,1104,,1210,4345,28,0.74,0,5400.3
498,2021/07/19,Edmonton Zone,77876,3,117,76655,27,0,8,1,1104,0,1486,5010,30,0.47,0,5400.5
499,2021/07/20,Edmonton Zone,77890,14,128,76658,27,0,9,1,1104,0,1678,6479,26,1.31,0.4,5401.5
500,2021/07/21,Edmonton Zone,77912,22,137,76671,27,0,9,0,1104,0,1854,6622,28,1.24,0.5,5403
501,2021/07/22,Edmonton Zone,77930,18,155,76670,25,-2,9,0,1105,1,2099,7609,28,1.57,0.3,5404.3
502,2021/07/23,Edmonton Zone,77955,25,,,,,,,,,1713,6077,28,1.58,0.4,
503,2021/07/24,Edmonton Zone,77977,22,,,,,,,,,1597,6289,25,1.25,0.5,
504,2021/07/25,Edmonton Zone,77999,22,203,76691,25,,6,,1105,,1649,5372,31,1.27,0.6,5409
505,2021/07/26,Edmonton Zone,78014,15,211,76698,23,-2,6,0,1105,0,1356,5428,25,1.11,0.6,5410.1
506,2021/07/27,Edmonton Zone,78055,41,245,76705,25,2,5,-1,1105,0,2063,7129,29,2.23,0.5,5412.9
507,2021/07/28,Edmonton Zone,78090,35,274,76711,27,2,6,1,1105,0,2109,7857,27,1.66,0.7,5415.4
508,2021/07/29,Edmonton Zone,78126,36,301,76718,26,-1,5,-1,1107,2,2449,8285,30,1.35,0.9,5417.9
509,2021/07/30,Edmonton Zone,78179,53,,,,,,,,,1868,6701,28,3,0.9,
510,2021/07/31,Edmonton Zone,78226,47,,,,,,,,,1670,6026,28,2.75,1.1,
511,2021/08/01,Edmonton Zone,78250,24,,,,,,,,,1277,4393,29,1.64,1.1,
512,2021/08/02,Edmonton Zone,78270,20,402,76761,27,,8,,1107,,1202,4479,27,1.66,0.9,5427.8
513,2021/08/03,Edmonton Zone,78303,33,416,76780,28,1,7,-1,1107,0,1582,5429,29,1.52,1,5430.1
514,2021/08/04,Edmonton Zone,78378,75,469,76802,31,3,8,1,1107,0,1902,7460,25,4.1,1,5435.3
515,2021/08/05,Edmonton Zone,78473,95,527,76839,32,1,9,1,1107,0,2014,7294,28,4.87,1.2,5441.9
516,2021/08/06,Edmonton Zone,78564,91,,,,,,,,,1975,7795,25,4.51,1.6,
517,2021/08/07,Edmonton Zone,78683,119,,,,,,,,,2103,7719,27,5.42,1.7,
518,2021/08/08,Edmonton Zone,78737,54,724,76905,31,,8,,1108,,1293,4464,29,3.94,1.7,5460.2
519,2021/08/09,Edmonton Zone,78806,69,762,76934,31,0,10,2,1110,2,1452,5424,27,5.03,2.1,5465
520,2021/08/10,Edmonton Zone,78923,117,837,76976,37,6,11,1,1110,0,2314,8613,27,5.23,2.3,5473.1
521,2021/08/11,Edmonton Zone,79073,150,955,77008,42,5,13,2,1110,0,2477,8585,29,6.06,2.7,5483.5
522,2021/08/12,Edmonton Zone,79241,168,1063,77068,50,8,14,1,1110,0,2275,9300,24,7.21,3.1,5495.2
523,2021/08/13,Edmonton Zone,79422,181,,,,,,,,,2441,8002,31,8.03,3.4,
524,2021/08/14,Edmonton Zone,79550,128,,,,,,,,,1948,7159,27,6.42,3.2,
525,2021/08/15,Edmonton Zone,79685,135,1431,77143,55,,15,,1111,,1529,5328,29,8.44,3.2,5526
526,2021/08/16,Edmonton Zone,79826,141,1549,77166,59,4,16,1,1111,0,1719,5475,31,7.97,3.5,5535.7
527,2021/08/17,Edmonton Zone,80023,197,1669,77243,62,3,17,1,1111,0,2505,9215,27,7.62,3.8,5549.4
528,2021/08/18,Edmonton Zone,80291,268,1861,77319,66,4,14,-3,1111,0,2905,9971,29,9.09,3.6,5568
529,2021/08/19,Edmonton Zone,80536,245,2005,77420,76,10,17,3,1111,0,2423,9005,27,9.95,3.7,5585
530,2021/08/20,Edmonton Zone,80789,253,,,,,,,,,2636,8959,29,9.52,4.6,
531,2021/08/21,Edmonton Zone,81000,211,,,,,,,,,2301,8403,27,9.21,5.1,
532,2021/08/22,Edmonton Zone,81165,165,2408,77645,91,,20,,1112,,1838,5590,33,8.76,5.5,5628.6
533,2021/08/23,Edmonton Zone,81342,177,2468,77760,94,3,21,1,1114,2,1992,6010,33,8.99,5.3,5640.9
534,2021/08/24,Edmonton Zone,81668,326,2667,77887,102,8,25,4,1114,0,3062,11747,26,10.48,5.9,5663.5
535,2021/08/25,Edmonton Zone,82009,341,2857,78038,108,6,27,2,1114,0,2759,10572,26,11.6,6.2,5687.1
536,2021/08/26,Edmonton Zone,82372,363,3026,78232,117,9,30,3,1114,0,3429,11565,30,10.76,6.9,5712.3
537,2021/08/27,Edmonton Zone,82729,357,,,,,,,,,3392,11415,30,10.61,7.4,
538,2021/08/28,Edmonton Zone,83038,309,,,,,,,,,2471,9526,26,12.38,7.8,
539,2021/08/29,Edmonton Zone,83316,278,3571,78628,134,,38,,1117,,2750,8328,33,10.07,7.8,5777.8
540,2021/08/30,Edmonton Zone,83611,295,3660,78833,144,10,42,4,1118,1,2484,7487,33,11.23,8.5,5798.2
541,2021/08/31,Edmonton Zone,84002,391,3838,79045,163,19,43,1,1119,1,3164,12141,26,12.04,9.3,5825.3
542,2021/09/01,Edmonton Zone,84373,371,3947,79306,165,2,43,0,1120,1,3713,12416,30,9.56,9.6,5851.1
543,2021/09/02,Edmonton Zone,84692,319,3998,79574,168,3,45,2,1120,0,3079,12551,25,10.1,10.1,5873.2
544,2021/09/03,Edmonton Zone,85081,389,,,,,,,,,3094,10451,30,12.22,10.6,
545,2021/09/04,Edmonton Zone,85478,397,,,,,,,,,3632,12846,28,10.66,10.8,
546,2021/09/05,Edmonton Zone,85703,225,,,,,,,,,2321,7512,31,9.39,11,
547,2021/09/06,Edmonton Zone,86139,436,4634,80384,202,,54,,1121,,3202,10408,31,13.37,10.9,5973.5
548,2021/09/07,Edmonton Zone,86488,349,4645,80715,226,24,62,8,1128,7,3734,10687,35,9.29,9.9,5997.7
549,2021/09/08,Edmonton Zone,86973,485,4783,81058,228,2,64,2,1132,4,4021,13796,29,11.71,10.2,6031.4
550,2021/09/09,Edmonton Zone,87378,405,4814,81430,233,5,71,7,1134,2,4034,13625,30,9.94,10.6,6059.5
551,2021/09/10,Edmonton Zone,87823,445,,,,,,,,,4078,14574,28,10.74,13.9,
552,2021/09/11,Edmonton Zone,88262,439,,,,,,,,,4056,12182,33,10.4,14.3,
553,2021/09/12,Edmonton Zone,88741,479,5357,82247,277,,86,,1137,,3960,13332,30,12.05,13.1,6154
554,2021/09/13,Edmonton Zone,89130,389,5323,82670,291,14,94,8,1137,0,3694,11880,31,10.34,13.8,6181
555,2021/09/14,Edmonton Zone,89613,483,5408,83063,303,12,93,-1,1142,5,5056,15831,32,9.79,14.4,6214.5
556,2021/09/15,Edmonton Zone,90066,453,5441,83481,314,11,103,10,1144,2,5217,16364,32,8.4,15.2,6245.9
557,2021/09/16,Edmonton Zone,90520,454,5467,83907,321,7,99,-4,1146,2,5235,17327,30,8.31,15.2,6277.4
558,2021/09/17,Edmonton Zone,90892,372,,,,,,,,,4639,16409,28,8.13,15.2,
559,2021/09/18,Edmonton Zone,91312,420,,,,,,,,,5371,16529,32,7.69,15,
560,2021/09/19,Edmonton Zone,91703,391,5615,84934,326,,99,,1154,,4856,13389,36,8.13,14.4,6359.4
561,2021/09/20,Edmonton Zone,92072,369,5690,85225,342,16,101,2,1157,3,3674,13597,27,9.47,14.7,6385
562,2021/09/21,Edmonton Zone,92513,441,5606,85745,347,5,102,1,1162,5,4920,14521,34,8.66,15.2,6415.6
563,2021/09/22,Edmonton Zone,92919,406,5549,86202,339,-8,102,0,1168,6,5393,17896,30,7.34,14.9,6443.7
564,2021/09/23,Edmonton Zone,93361,442,5461,86732,323,-16,108,6,1168,0,5105,16848,30,8.5,13.6,6474.4
565,2021/09/24,Edmonton Zone,93793,432,,,,,,,,,4796,15898,30,8.84,15.7,
566,2021/09/25,Edmonton Zone,94152,359,,,,,,,,,4248,14846,29,8.31,15.7,
567,2021/09/26,Edmonton Zone,94569,417,5430,87966,342,,113,,1173,,4473,15037,30,9.21,15.3,6558.1
568,2021/09/27,Edmonton Zone,94909,340,5280,88450,342,0,113,0,1179,6,3987,11144,36,8.53,14.8,6581.7
569,2021/09/28,Edmonton Zone,95292,383,5198,88905,337,-5,113,0,1189,10,4723,15025,31,8.38,14.4,6608.3
570,2021/09/29,Edmonton Zone,95704,412,5175,89337,332,-5,110,-3,1192,3,5817,17590,33,7.03,14.5,6636.8
571,2021/09/30,Edmonton Zone,96027,323,5080,89752,316,-16,115,5,1195,3,3877,15857,24,8.43,13.7,6659.2
572,2021/10/01,Edmonton Zone,96358,331,,,,,,,,,4289,14532,30,7.74,13,
573,2021/10/02,Edmonton Zone,96639,281,,,,,,,,,4269,14316,30,6.63,13.1,
574,2021/10/03,Edmonton Zone,96865,226,4903,90759,320,,113,,1203,,3504,10417,34,6.34,12.1,6717.4
575,2021/10/04,Edmonton Zone,97028,163,4585,91238,317,-3,116,3,1205,2,2538,8018,32,6.58,12.2,6728.7
576,2021/10/05,Edmonton Zone,97305,277,4455,91640,309,-8,113,-3,1210,5,4820,15400,31,5.6,11.9,6747.9
577,2021/10/06,Edmonton Zone,97608,303,4304,92088,311,2,109,-4,1216,6,4581,15595,29,6.48,11.8,6768.9
578,2021/10/07,Edmonton Zone,97921,313,4204,92497,323,12,109,0,1220,4,4388,14736,30,7.16,12.1,6790.6
579,2021/10/08,Edmonton Zone,98186,265,,,,,,,,,4321,13987,31,6.43,12.4,
580,2021/10/09,Edmonton Zone,98395,209,,,,,,,,,3384,11637,29,6.12,11.3,
581,2021/10/10,Edmonton Zone,98569,174,,,,,,,,,2572,7720,33,6.65,11.6,
582,2021/10/11,Edmonton Zone,98679,110,3531,93917,316,,110,,1231,,2064,7333,28,5.28,10.8,6843.2
583,2021/10/12,Edmonton Zone,98800,121,3281,94278,317,1,108,-2,1241,10,2459,8620,29,4.76,10.2,6851.5
584,2021/10/13,Edmonton Zone,99070,270,3149,94674,318,1,108,0,1247,6,3925,12733,31,6.78,10.6,6870.3
585,2021/10/14,Edmonton Zone,99305,235,3050,95005,312,-6,103,-5,1250,3,4302,14054,31,5.42,9.6,6886.6
586,2021/10/15,Edmonton Zone,99497,192,,,,,,,,,3607,11640,31,5.27,10.3,
587,2021/10/16,Edmonton Zone,99669,172,,,,,,,,,3364,11437,29,5.17,10.1,
588,2021/10/17,Edmonton Zone,99815,146,2913,95648,304,,101,,1254,,2133,7165,30,6.89,9.6,6921.9
589,2021/10/18,Edmonton Zone,99918,103,2717,95942,291,-13,97,-4,1259,5,2270,8030,28,4.54,9.2,6929.1
590,2021/10/19,Edmonton Zone,100147,229,2603,96284,278,-13,93,-4,1260,1,3634,12114,30,6.14,8.3,6945
591,2021/10/20,Edmonton Zone,100277,130,2437,96580,277,-1,91,-2,1260,0,2896,11874,24,4.45,7.7,6954
592,2021/10/21,Edmonton Zone,100430,153,2355,96813,265,-12,87,-4,1262,2,3082,10732,29,4.96,6.8,6964.6
593,2021/10/22,Edmonton Zone,100584,154,,,,,,,,,3000,10798,28,4.8,6.2,
594,2021/10/23,Edmonton Zone,100682,98,,,,,,,,,2437,8690,28,3.73,5.7,
595,2021/10/24,Edmonton Zone,100753,71,2170,97314,251,,84,,1269,,2092,6413,33,3.39,5.3,6987
596,2021/10/25,Edmonton Zone,100860,107,2166,97422,255,4,85,1,1272,3,2231,7786,29,4.62,5.9,6987
597,2021/10/26,Edmonton Zone,101020,160,2025,97717,252,-3,85,0,1278,6,2979,11343,26,5.47,6.1,7005.5
598,2021/10/27,Edmonton Zone,101140,120,1945,97913,249,-3,86,1,1282,4,2755,10277,27,4.94,6.3,7013.8
599,2021/10/28,Edmonton Zone,101260,120,1847,98131,245,-4,83,-3,1282,0,3096,10505,29,3.84,6.6,7022.1
600,2021/10/29,Edmonton Zone,101395,135,,,,,,,,,2696,9391,29,4.97,6.4,
601,2021/10/30,Edmonton Zone,101467,72,,,,,,,,,2005,8249,24,3.54,6.1,
602,2021/10/31,Edmonton Zone,101539,72,1724,98529,225,,72,,1286,,2092,6717,31,3.35,5.3,7041.5
603,2021/11/01,Edmonton Zone,101592,53,1540,98765,230,5,74,2,1287,1,2228,7544,30,2.51,4.4,7045.2
604,2021/11/02,Edmonton Zone,101707,115,1529,98889,226,-4,71,-3,1289,2,3208,10348,31,3.55,4.3,7053.1
605,2021/11/03,Edmonton Zone,101815,108,1468,99057,212,-14,70,-1,1290,1,3659,12388,30,3.03,4.1,7060.6
606,2021/11/04,Edmonton Zone,101915,100,1412,99212,211,-1,69,-1,1291,1,3331,11495,29,3.24,3.5,7067.6
607,2021/11/05,Edmonton Zone,102029,114,,,,,,,,,3266,11495,28,3.64,4.1,
608,2021/11/06,Edmonton Zone,102122,93,,,,,,,,,2572,8966,29,3.58,4.5,
609,2021/11/07,Edmonton Zone,102182,60,1421,99465,202,,71,,1296,,1488,5526,27,4.23,4.3,7086.1
610,2021/11/08,Edmonton Zone,102258,76,1323,99641,201,-1,65,-6,1294,-2,2412,8330,29,3.28,3.9,7091.4
611,2021/11/09,Edmonton Zone,102372,114,1308,99768,192,-9,60,-5,1296,2,3088,11169,28,3.53,3.8,7091.4
612,2021/11/10,Edmonton Zone,102465,93,,,,,,,,,3182,11584,27,3.02,4.3,
613,2021/11/11,Edmonton Zone,102548,83,1246,100004,184,,55,,1298,,2155,8843,24,3.85,3.7,7111.5
614,2021/11/12,Edmonton Zone,102631,83,,,,,,,,,2183,7967,27,3.89,3.7,
615,2021/11/13,Edmonton Zone,102698,67,,,,,,,,,2077,7146,29,3.13,3.6,
616,2021/11/14,Edmonton Zone,102770,72,1249,100220,159,,47,,1301,,1882,6639,28,3.93,3.7,7111.5
617,2021/11/15,Edmonton Zone,102827,57,1202,100321,154,-5,46,-1,1304,3,1982,6425,31,3.38,3.5,7130.8
618,2021/11/16,Edmonton Zone,102939,112,1221,100413,157,3,47,1,1305,1,3066,9736,31,3.52,3.8,7138.6
619,2021/11/17,Edmonton Zone,103012,73,1180,100524,158,1,44,-3,1308,3,2142,8948,24,3.55,3.6,7143.6
620,2021/11/18,Edmonton Zone,103092,80,1148,100636,160,2,42,-2,1308,0,2340,8673,27,3.55,3.7,7149.2
621,2021/11/19,Edmonton Zone,103202,110,,,,,,,,,2669,9449,28,4.2,3.6,
622,2021/11/20,Edmonton Zone,103293,91,,,,,,,,,2270,7615,30,3.83,2.9,
623,2021/11/21,Edmonton Zone,103349,56,1180,100861,143,,44,,1308,,1249,4824,26,4.32,2.8,7167
624,2021/11/22,Edmonton Zone,103394,45,1087,100997,148,5,42,-2,1310,2,1498,5311,28,3.4,2.9,7170.1
625,2021/11/23,Edmonton Zone,103511,117,1132,101068,150,2,46,4,1311,1,3266,10424,31,3.7,3.2,7178.2
626,2021/11/24,Edmonton Zone,103601,90,1119,101171,150,0,48,2,1311,0,2687,9604,28,3.65,2.8,7184.5
627,2021/11/25,Edmonton Zone,103700,99,1163,101225,146,-4,43,-5,1312,1,2418,8701,28,3.97,2.8,7193.7
628,2021/11/26,Edmonton Zone,103777,77,,,,,,,,,1973,7484,26,4.26,3.8,
629,2021/11/27,Edmonton Zone,103844,67,,,,,,,,,1749,6626,26,3.89,3.9,
630,2021/11/28,Edmonton Zone,103909,65,1146,101451,134,,37,,1312,,1727,5046,34,3.88,3.9,7208.2
631,2021/11/29,Edmonton Zone,103974,65,1107,101552,137,3,40,3,1315,3,1510,5350,28,4.44,3.9,7212.7
632,2021/11/30,Edmonton Zone,104082,108,1146,101620,133,-4,38,-2,1316,1,2805,10756,26,4.06,3.4,7220.2
633,2021/12/01,Edmonton Zone,104203,121,1164,101721,132,-1,40,2,1318,2,3135,9465,33,3.92,3.3,7228.6
634,2021/12/02,Edmonton Zone,104302,99,1166,101818,126,-6,43,3,1318,0,2727,9694,28,3.37,3,7235.5
635,2021/12/03,Edmonton Zone,104419,117,,,,,,,,,2842,8418,34,3.94,2.7,
636,2021/12/04,Edmonton Zone,104484,65,,,,,,,,,1787,6958,26,3.53,3.1,
637,2021/12/05,Edmonton Zone,104552,68,1225,102008,126,,41,,1319,,1661,5133,32,4.09,3.1,7252.8
638,2021/12/06,Edmonton Zone,104623,71,1169,102132,131,5,45,4,1322,3,1822,5478,33,3.73,3.5,7257.7
639,2021/12/07,Edmonton Zone,104737,114,1202,102213,129,-2,40,-5,1322,0,3402,10700,32,3.35,3.9,7265.6
640,2021/12/08,Edmonton Zone,104821,84,1194,102305,125,-4,38,-2,1322,0,2878,10044,29,3.37,3.6,7271.5
641,2021/12/09,Edmonton Zone,104891,70,1172,102397,121,-4,37,-1,1322,0,2667,9139,29,2.59,3.3,7276.3
642,2021/12/10,Edmonton Zone,105006,115,,,,,,,,,2902,8587,34,3.82,3.6,
643,2021/12/11,Edmonton Zone,105109,103,,,,,,,,,2170,6483,33,4.65,3,
644,2021/12/12,Edmonton Zone,105178,69,1264,102592,116,,33,,1322,,1895,5743,33,3.85,2.3,7296.2
645,2021/12/13,Edmonton Zone,105241,63,1198,102719,116,0,33,0,1324,2,1762,6419,27,3.75,2.3,7300.6
646,2021/12/14,Edmonton Zone,105366,125,1221,102819,112,-4,33,0,1326,2,3021,10100,30,4.17,2,7309.3
647,2021/12/15,Edmonton Zone,105498,132,1247,102925,106,-6,35,2,1326,0,3120,9595,33,4.49,2.7,7318.4
648,2021/12/16,Edmonton Zone,105626,128,1283,103016,105,-1,36,1,1327,1,2788,9694,29,4.88,3,7327.3
649,2021/12/17,Edmonton Zone,105802,176,,,,,,,,,3141,10063,31,6.08,2.7,
650,2021/12/18,Edmonton Zone,106032,230,,,,,,,,,2865,8710,33,7.71,2.7,
651,2021/12/19,Edmonton Zone,106180,148,1630,103222,99,,33,,1328,,1835,6504,28,7.96,2.8,7365.7
652,2021/12/20,Edmonton Zone,106408,228,,,,,,,,,2689,7298,37,8.93,2.4,
653,2021/12/21,Edmonton Zone,106853,445,,,,,,,,,3946,11521,34,11.05,2.1,
654,2021/12/22,Edmonton Zone,107391,538,2539,103523,94,,31,,1329,,3954,11871,33,13.45,2,7449.7
655,2021/12/23,Edmonton Zone,108123,732,,,,,,,,,4190,11549,36,17.8,3.2,
656,2021/12/24,Edmonton Zone,108900,777,,,,,,,,,3718,11479,32,20.58,3.2,
657,2021/12/25,Edmonton Zone,109403,503,,,,,,,,,2419,7240,33,20.46,3,
658,2021/12/26,Edmonton Zone,109813,410,,,,,,,,,1995,4084,49,20,2.7,
659,2021/12/27,Edmonton Zone,110532,719,,,,,,,,,2512,6473,39,28.22,3.3,
660,2021/12/28,Edmonton Zone,111639,1107,6216,104090,99,,30,,1333,,3665,9398,39,29.77,3.7,7744.4
661,2021/12/29,Edmonton Zone,113374,1735,,,,,,,,,5287,13257,40,31.53,4.5,
662,2021/12/30,Edmonton Zone,115090,1716,,,,,,,,,4931,13385,37,34.15,5.3,
663,2021/12/31,Edmonton Zone,116735,1645,,,,,,,,,4934,12753,39,32.89,5.6,
664,2022/01/01,Edmonton Zone,117659,924,,,,,,,,,3154,9452,33,29.07,6.8,
665,2022/01/02,Edmonton Zone,118372,713,,,,,,,,,2685,7081,38,26.7,7.8,
666,2022/01/03,Edmonton Zone,119510,1138,12760,105415,117,,32,,1335,,3076,8232,37,36.93,7.5,8290.4
667,2022/01/04,Edmonton Zone,121233,1723,13864,106031,131,14,38,6,1338,3,4754,12694,37,35.76,7.2,8410
668,2022/01/05,Edmonton Zone,123048,1815,14972,106738,136,5,25,-13,1338,0,4681,12318,38,38.45,8.7,8535.9
669,2022/01/06,Edmonton Zone,125344,2296,16269,107737,147,11,24,-1,1338,0,6239,16231,38,36.51,9.4,8695.1
670,2022/01/07,Edmonton Zone,127469,2125,,,,,,,,,5020,15010,33,42.13,15.1,
671,2022/01/08,Edmonton Zone,129793,2324,,,,,,,,,6242,16273,38,37.23,15.4,
672,2022/01/09,Edmonton Zone,131415,1622,20749,109328,197,,27,,1338,,4515,13879,33,35.86,15,9116.3
673,2022/01/10,Edmonton Zone,133310,1895,,,,,,,,,4978,12214,41,37.28,21.4,
674,2022/01/11,Edmonton Zone,136302,2992,22727,112231,264,,32,,1344,,7710,17815,43,38.48,20.7,9455.3
675,2022/01/12,Edmonton Zone,138589,2287,23353,113888,282,18,32,0,1348,4,5497,14347,38,40.62,22.4,9613.9
676,2022/01/13,Edmonton Zone,140985,2396,24062,115573,301,19,30,-2,1350,2,6634,16541,40,35.6,24.1,9780.2
677,2022/01/14,Edmonton Zone,143133,2148,,,,,,,,,5117,16150,32,40.28,28.7,
678,2022/01/15,Edmonton Zone,144470,1337,,,,,,,,,4944,15346,32,27.35,31.5,
679,2022/01/16,Edmonton Zone,145592,1122,26002,118289,426,,40,,1360,,3733,11132,34,30.38,33.5,9780.2
680,2022/01/17,Edmonton Zone,146646,1054,24985,120298,464,38,43,3,1363,3,2974,8995,33,34.94,31.9,10172.9
681,2022/01/18,Edmonton Zone,148023,1377,24000,122660,467,3,43,0,1363,0,3612,10005,36,36.21,32,10268.4
682,2022/01/19,Edmonton Zone,149192,1169,22659,125166,473,6,39,-4,1367,4,3285,11041,30,35.04,32,10349.5
683,2022/01/20,Edmonton Zone,150359,1167,21317,127672,503,30,41,2,1370,3,3400,10572,32,33.94,32.6,10430.4
684,2022/01/21,Edmonton Zone,151571,1212,,,,,,,,,3082,10390,30,38.32,38,
685,2022/01/22,Edmonton Zone,152429,858,,,,,,,,,2742,7887,35,30.96,36.8,
686,2022/01/23,Edmonton Zone,152832,403,18569,132918,539,,42,,1385,,1355,4711,29,29.89,35.6,10430.4
687,2022/01/24,Edmonton Zone,153854,1022,17052,135412,552,13,43,1,1390,5,2652,6718,39,37.97,33.4,10672.9
688,2022/01/25,Edmonton Zone,154994,1140,15683,137912,567,15,41,-2,1399,9,3221,9000,36,34.74,34.2,10752
689,2022/01/26,Edmonton Zone,156024,1030,14219,140402,593,26,42,1,1403,4,2933,9352,31,34.91,36.1,10823.4
690,2022/01/27,Edmonton Zone,156916,892,13065,142444,609,16,42,0,1407,4,2431,8655,28,35.83,35.8,10885.3
691,2022/01/28,Edmonton Zone,157950,1034,,,,,,,,,3154,8415,37,30.37,38.4,
692,2022/01/29,Edmonton Zone,158314,364,,,,,,,,,1479,5881,25,24.68,37.3,
693,2022/01/30,Edmonton Zone,158904,590,11850,145630,603,,39,,1424,,1722,5035,34,34.15,34.1,11023.2
694,2022/01/31,Edmonton Zone,159403,499,11147,146830,635,32,46,7,1426,2,1635,5012,33,29.17,33.6,11057.8
695,2022/02/01,Edmonton Zone,160309,906,10954,147924,647,12,44,-2,1431,5,2459,7643,32,36.88,33.4,11120.7
696,2022/02/02,Edmonton Zone,160914,605,10415,149061,633,-14,49,5,1438,7,1966,7338,27,31.64,30.8,11162.6
697,2022/02/03,Edmonton Zone,161500,586,9961,150091,624,-9,49,0,1448,10,1807,6226,29,32.43,30.3,11203.3
698,2022/02/04,Edmonton Zone,162160,660,,,,,,,,,1909,6436,30,29.7,31.2,
699,2022/02/05,Edmonton Zone,162518,358,,,,,,,,,1369,4769,29,26.3,29.6,
700,2022/02/06,Edmonton Zone,162813,295,8863,152484,602,,56,,1466,,936,3560,26,31.84,27.4,11294.4
701,2022/02/07,Edmonton Zone,163289,476,8298,153523,641,39,61,5,1468,2,1473,4269,35,31.3,28.1,11327.4
702,2022/02/08,Edmonton Zone,163813,524,7862,154479,641,0,61,0,1472,4,1766,5748,31,28.82,27.9,11363.7
703,2022/02/09,Edmonton Zone,164205,392,7298,155430,632,-9,59,-2,1477,5,1493,4986,30,27.13,28.1,11390.9
704,2022/02/10,Edmonton Zone,164611,406,6922,156202,606,-26,57,-2,1487,10,1416,4742,30,27.05,27.5,11419.1
705,2022/02/11,Edmonton Zone,164971,360,,,,,,,,,1119,4330,26,28.69,26.9,
706,2022/02/12,Edmonton Zone,165218,247,,,,,,,,,1048,3464,30,23.85,25.7,
707,2022/02/13,Edmonton Zone,165415,197,6047,157873,582,,56,,1495,,852,2423,35,22.42,23.4,11474.9
708,2022/02/14,Edmonton Zone,165636,221,5542,158595,581,-1,54,-2,1499,4,734,2499,29,29.16,20.2,11490.2
709,2022/02/15,Edmonton Zone,165915,279,5202,159209,568,-13,52,-2,1504,5,1328,4117,32,21.61,19.1,11509.6
710,2022/02/16,Edmonton Zone,166117,202,4809,159800,557,-11,50,-2,1508,4,1060,4041,26,19.91,17.6,11523.6
711,2022/02/17,Edmonton Zone,166377,260,4483,160386,561,4,50,0,1508,0,1266,3766,34,19.35,17.9,11541.6
712,2022/02/18,Edmonton Zone,166709,332,,,,,,,,,900,3407,26,20,18.3,
713,2022/02/19,Edmonton Zone,166833,124,,,,,,,,,713,2559,28,16.83,18.1,
714,2022/02/20,Edmonton Zone,166959,126,,,,,,,,,696,1981,35,18.25,17.2,
715,2022/02/21,Edmonton Zone,167069,110,,,,,,,,,576,1979,29,18.23,16.7,
716,2022/02/22,Edmonton Zone,167296,227,3203,162568,485,,37,,1525,,795,2776,29,25.91,14.7,11605.4
717,2022/02/23,Edmonton Zone,167503,207,3014,162963,474,-11,37,0,1526,1,864,3436,25,22.22,12.9,11619.7
718,2022/02/24,Edmonton Zone,167690,187,2859,163300,459,-15,37,0,1531,5,923,3175,29,18.96,12.2,11632.7
719,2022/02/25,Edmonton Zone,167812,122,,,,,,,,,786,3110,25,16.16,13.5,
720,2022/02/26,Edmonton Zone,167980,168,,,,,,,,,752,2448,31,21.41,11.9,
721,2022/02/27,Edmonton Zone,168084,104,2551,163998,429,,40,,1535,,532,1835,29,18.8,10.7,11660
722,2022/02/28,Edmonton Zone,168136,52,,,,,,,,,664,2060,32,27.11,12.5,
723,2022/03/01,Edmonton Zone,168300,164,2315,164440,427,,41,,1545,,776,2921,27,19.59,12.6,11675
724,2022/03/02,Edmonton Zone,168447,147,2252,164645,414,-13,39,-2,1550,5,784,2846,28,20.92,11.9,11685.2
725,2022/03/03,Edmonton Zone,168632,185,2198,164882,390,-24,35,-4,1552,2,784,2492,31,18.49,10.5,11698
726,2022/03/04,Edmonton Zone,168777,145,,,,,,,,,664,2452,27,17.32,10.2,
727,2022/03/05,Edmonton Zone,168888,111,,,,,,,,,603,2175,28,17.91,9.7,
728,2022/03/06,Edmonton Zone,168972,84,2083,165333,372,,31,,1556,,567,1555,36,14.81,8.1,11721.6
729,2022/03/07,Edmonton Zone,169144,172,2089,165497,370,-2,33,2,1558,2,662,2202,30,19.49,7.7,11733.6
730,2022/03/08,Edmonton Zone,169397,253,2032,165805,365,-5,34,1,1560,2,1243,3069,41,16.01,7.3,11751.1
731,2022/03/09,Edmonton Zone,169579,182,1992,166024,352,-13,33,-1,1563,3,867,3041,29,19.03,7.5,11763.7
732,2022/03/10,Edmonton Zone,169727,148,1960,166199,355,3,32,-1,1568,5,729,2519,29,17.7,7.8,11774
733,2022/03/11,Edmonton Zone,169923,196,,,,,,,,,842,2302,37,20.19,8.8,
734,2022/03/12,Edmonton Zone,170032,109,,,,,,,,,815,2490,33,13.37,9,
735,2022/03/13,Edmonton Zone,170158,126,2007,166577,339,,33,,1574,,657,1977,33,19.33,7.8,11803.9
736,2022/03/14,Edmonton Zone,170290,132,1937,166778,333,-6,32,-1,1575,1,565,1831,31,21.59,8,11813.1
737,2022/03/15,Edmonton Zone,170469,179,1946,166952,336,3,30,-2,1571,-4,857,3166,27,19.37,7.5,11825.5
738,2022/03/16,Edmonton Zone,170666,197,1971,167122,328,-8,29,-1,1573,2,955,2729,35,18.43,7.2,11839.1
739,2022/03/17,Edmonton Zone,170789,123,1959,167256,319,-9,26,-3,1574,1,690,2925,24,22.17,6.3,11847.7
740,2022/03/18,Edmonton Zone,170948,159,,,,,,,,,819,2565,32,20.15,8,
741,2022/03/19,Edmonton Zone,171117,169,,,,,,,,,787,2425,32,21.73,7.6,
742,2022/03/20,Edmonton Zone,171225,108,,,,,,,,,526,1482,35,20.91,7.5,
743,2022/03/21,Edmonton Zone,171383,158,,,319,,21,,1577,,634,1845,34,24.29,7.5,
744,2022/03/22,Edmonton Zone,171678,295,,,,,,,,,970,3204,30,27.63,9.4,
745,2022/03/23,Edmonton Zone,171932,254,,,,,,,,,1100,3152,35,22.91,10,
746,2022/03/24,Edmonton Zone,172187,255,,,,,,,,,1145,3482,33,21.4,9.6,
747,2022/03/25,Edmonton Zone,172434,247,,,,,,,,,904,2750,33,26.88,10.7,
748,2022/03/26,Edmonton Zone,172603,169,,,,,,,,,766,2498,31,22.45,11.5,
749,2022/03/27,Edmonton Zone,172755,152,,,,,,,,,614,1766,35,25.24,12,
750,2022/03/28,Edmonton Zone,172888,133,,,345,,23,,1587,,605,2184,28,20.99,11.8,
